event_id,product,scale_m,budget_fraction,candidate_unit_count,macro_overlap_eligible,selected_per_sensor,intersection_count,overlap_coefficient,target_replacement_fraction,jaccard,tie_break_rule
C2_2025_LOWER_OHIO,DSWx,500,0.05,1407,True,71,66,0.929577464789,0.0704225352113,0.868421052632,descending score then ascending unit coordinates
C2_2025_LOWER_OHIO,DSWx,500,0.1,1407,True,141,134,0.950354609929,0.0496453900709,0.905405405405,descending score then ascending unit coordinates
C2_2025_LOWER_OHIO,DSWx,500,0.15,1407,True,212,205,0.966981132075,0.0330188679245,0.936073059361,descending score then ascending unit coordinates
C2_2025_LOWER_OHIO,DSWx,500,0.2,1407,True,282,274,0.971631205674,0.0283687943262,0.944827586207,descending score then ascending unit coordinates
C2_2025_LOWER_OHIO,DSWx,500,0.25,1407,True,352,344,0.977272727273,0.0227272727273,0.955555555556,descending score then ascending unit coordinates
C2_2025_LOWER_OHIO,DSWx,500,0.3,1407,True,423,412,0.973995271868,0.0260047281324,0.94930875576,descending score then ascending unit coordinates
C2_2025_LOWER_OHIO,DSWx,500,0.35,1407,True,493,478,0.969574036511,0.0304259634888,0.94094488189,descending score then ascending unit coordinates
C2_2025_LOWER_OHIO,DSWx,500,0.4,1407,True,563,539,0.957371225577,0.0426287744227,0.918228279387,descending score then ascending unit coordinates
C2_2025_LOWER_OHIO,DSWx,500,0.45,1407,True,634,604,0.952681388013,0.0473186119874,0.909638554217,descending score then ascending unit coordinates
C2_2025_LOWER_OHIO,DSWx,500,0.5,1407,True,704,669,0.950284090909,0.0497159090909,0.905277401894,descending score then ascending unit coordinates
C2_2025_LOWER_OHIO,MNDWI,500,0.05,684,True,35,31,0.885714285714,0.114285714286,0.794871794872,descending score then ascending unit coordinates
C2_2025_LOWER_OHIO,MNDWI,500,0.1,684,True,69,65,0.942028985507,0.0579710144928,0.890410958904,descending score then ascending unit coordinates
C2_2025_LOWER_OHIO,MNDWI,500,0.15,684,True,103,98,0.95145631068,0.0485436893204,0.907407407407,descending score then ascending unit coordinates
C2_2025_LOWER_OHIO,MNDWI,500,0.2,684,True,137,132,0.963503649635,0.036496350365,0.929577464789,descending score then ascending unit coordinates
C2_2025_LOWER_OHIO,MNDWI,500,0.25,684,True,171,162,0.947368421053,0.0526315789474,0.9,descending score then ascending unit coordinates
C2_2025_LOWER_OHIO,MNDWI,500,0.3,684,True,206,197,0.956310679612,0.0436893203883,0.916279069767,descending score then ascending unit coordinates
C2_2025_LOWER_OHIO,MNDWI,500,0.35,684,True,240,231,0.9625,0.0375,0.927710843373,descending score then ascending unit coordinates
C2_2025_LOWER_OHIO,MNDWI,500,0.4,684,True,274,264,0.963503649635,0.036496350365,0.929577464789,descending score then ascending unit coordinates
C2_2025_LOWER_OHIO,MNDWI,500,0.45,684,True,308,294,0.954545454545,0.0454545454545,0.913043478261,descending score then ascending unit coordinates
C2_2025_LOWER_OHIO,MNDWI,500,0.5,684,True,342,329,0.961988304094,0.0380116959064,0.92676056338,descending score then ascending unit coordinates
C2_2025_LOWER_OHIO,AWEI,500,0.05,618,True,31,24,0.774193548387,0.225806451613,0.631578947368,descending score then ascending unit coordinates
C2_2025_LOWER_OHIO,AWEI,500,0.1,618,True,62,53,0.854838709677,0.145161290323,0.746478873239,descending score then ascending unit coordinates
C2_2025_LOWER_OHIO,AWEI,500,0.15,618,True,93,81,0.870967741935,0.129032258065,0.771428571429,descending score then ascending unit coordinates
C2_2025_LOWER_OHIO,AWEI,500,0.2,618,True,124,111,0.895161290323,0.104838709677,0.810218978102,descending score then ascending unit coordinates
C2_2025_LOWER_OHIO,AWEI,500,0.25,618,True,155,140,0.903225806452,0.0967741935484,0.823529411765,descending score then ascending unit coordinates
C2_2025_LOWER_OHIO,AWEI,500,0.3,618,True,186,173,0.930107526882,0.0698924731183,0.869346733668,descending score then ascending unit coordinates
C2_2025_LOWER_OHIO,AWEI,500,0.35,618,True,217,205,0.944700460829,0.0552995391705,0.89519650655,descending score then ascending unit coordinates
C2_2025_LOWER_OHIO,AWEI,500,0.4,618,True,248,236,0.951612903226,0.0483870967742,0.907692307692,descending score then ascending unit coordinates
C2_2025_LOWER_OHIO,AWEI,500,0.45,618,True,279,265,0.94982078853,0.0501792114695,0.904436860068,descending score then ascending unit coordinates
C2_2025_LOWER_OHIO,AWEI,500,0.5,618,True,309,292,0.94498381877,0.0550161812298,0.895705521472,descending score then ascending unit coordinates
C2_2025_LOWER_OHIO,DSWx,1000,0.05,888,True,45,43,0.955555555556,0.0444444444444,0.914893617021,descending score then ascending unit coordinates
C2_2025_LOWER_OHIO,DSWx,1000,0.1,888,True,89,85,0.955056179775,0.0449438202247,0.913978494624,descending score then ascending unit coordinates
C2_2025_LOWER_OHIO,DSWx,1000,0.15,888,True,134,130,0.970149253731,0.0298507462687,0.942028985507,descending score then ascending unit coordinates
C2_2025_LOWER_OHIO,DSWx,1000,0.2,888,True,178,174,0.977528089888,0.0224719101124,0.956043956044,descending score then ascending unit coordinates
C2_2025_LOWER_OHIO,DSWx,1000,0.25,888,True,222,213,0.959459459459,0.0405405405405,0.922077922078,descending score then ascending unit coordinates
C2_2025_LOWER_OHIO,DSWx,1000,0.3,888,True,267,255,0.955056179775,0.0449438202247,0.913978494624,descending score then ascending unit coordinates
C2_2025_LOWER_OHIO,DSWx,1000,0.35,888,True,311,293,0.942122186495,0.0578778135048,0.890577507599,descending score then ascending unit coordinates
C2_2025_LOWER_OHIO,DSWx,1000,0.4,888,True,356,332,0.932584269663,0.0674157303371,0.873684210526,descending score then ascending unit coordinates
C2_2025_LOWER_OHIO,DSWx,1000,0.45,888,True,400,372,0.93,0.07,0.869158878505,descending score then ascending unit coordinates
C2_2025_LOWER_OHIO,DSWx,1000,0.5,888,True,444,411,0.925675675676,0.0743243243243,0.861635220126,descending score then ascending unit coordinates
C2_2025_LOWER_OHIO,MNDWI,1000,0.05,410,True,21,20,0.952380952381,0.047619047619,0.909090909091,descending score then ascending unit coordinates
C2_2025_LOWER_OHIO,MNDWI,1000,0.1,410,True,41,40,0.975609756098,0.0243902439024,0.952380952381,descending score then ascending unit coordinates
C2_2025_LOWER_OHIO,MNDWI,1000,0.15,410,True,62,57,0.91935483871,0.0806451612903,0.850746268657,descending score then ascending unit coordinates
C2_2025_LOWER_OHIO,MNDWI,1000,0.2,410,True,82,79,0.963414634146,0.0365853658537,0.929411764706,descending score then ascending unit coordinates
C2_2025_LOWER_OHIO,MNDWI,1000,0.25,410,True,103,100,0.970873786408,0.0291262135922,0.943396226415,descending score then ascending unit coordinates
C2_2025_LOWER_OHIO,MNDWI,1000,0.3,410,True,123,118,0.959349593496,0.0406504065041,0.921875,descending score then ascending unit coordinates
C2_2025_LOWER_OHIO,MNDWI,1000,0.35,410,True,144,135,0.9375,0.0625,0.882352941176,descending score then ascending unit coordinates
C2_2025_LOWER_OHIO,MNDWI,1000,0.4,410,True,164,158,0.963414634146,0.0365853658537,0.929411764706,descending score then ascending unit coordinates
C2_2025_LOWER_OHIO,MNDWI,1000,0.45,410,True,185,176,0.951351351351,0.0486486486486,0.907216494845,descending score then ascending unit coordinates
C2_2025_LOWER_OHIO,MNDWI,1000,0.5,410,True,205,192,0.936585365854,0.0634146341463,0.880733944954,descending score then ascending unit coordinates
C2_2025_LOWER_OHIO,AWEI,1000,0.05,366,True,19,18,0.947368421053,0.0526315789474,0.9,descending score then ascending unit coordinates
C2_2025_LOWER_OHIO,AWEI,1000,0.1,366,True,37,36,0.972972972973,0.027027027027,0.947368421053,descending score then ascending unit coordinates
C2_2025_LOWER_OHIO,AWEI,1000,0.15,366,True,55,51,0.927272727273,0.0727272727273,0.864406779661,descending score then ascending unit coordinates
C2_2025_LOWER_OHIO,AWEI,1000,0.2,366,True,74,69,0.932432432432,0.0675675675676,0.873417721519,descending score then ascending unit coordinates
C2_2025_LOWER_OHIO,AWEI,1000,0.25,366,True,92,89,0.967391304348,0.0326086956522,0.936842105263,descending score then ascending unit coordinates
C2_2025_LOWER_OHIO,AWEI,1000,0.3,366,True,110,106,0.963636363636,0.0363636363636,0.929824561404,descending score then ascending unit coordinates
C2_2025_LOWER_OHIO,AWEI,1000,0.35,366,True,129,123,0.953488372093,0.046511627907,0.911111111111,descending score then ascending unit coordinates
C2_2025_LOWER_OHIO,AWEI,1000,0.4,366,True,147,140,0.952380952381,0.047619047619,0.909090909091,descending score then ascending unit coordinates
C2_2025_LOWER_OHIO,AWEI,1000,0.45,366,True,165,155,0.939393939394,0.0606060606061,0.885714285714,descending score then ascending unit coordinates
C2_2025_LOWER_OHIO,AWEI,1000,0.5,366,True,183,173,0.945355191257,0.0546448087432,0.896373056995,descending score then ascending unit coordinates
C2_2025_LOWER_OHIO,DSWx,2000,0.05,489,True,25,24,0.96,0.04,0.923076923077,descending score then ascending unit coordinates
C2_2025_LOWER_OHIO,DSWx,2000,0.1,489,True,49,46,0.938775510204,0.0612244897959,0.884615384615,descending score then ascending unit coordinates
C2_2025_LOWER_OHIO,DSWx,2000,0.15,489,True,74,69,0.932432432432,0.0675675675676,0.873417721519,descending score then ascending unit coordinates
C2_2025_LOWER_OHIO,DSWx,2000,0.2,489,True,98,92,0.938775510204,0.0612244897959,0.884615384615,descending score then ascending unit coordinates
C2_2025_LOWER_OHIO,DSWx,2000,0.25,489,True,123,116,0.943089430894,0.0569105691057,0.892307692308,descending score then ascending unit coordinates
C2_2025_LOWER_OHIO,DSWx,2000,0.3,489,True,147,136,0.925170068027,0.0748299319728,0.860759493671,descending score then ascending unit coordinates
C2_2025_LOWER_OHIO,DSWx,2000,0.35,489,True,172,153,0.889534883721,0.110465116279,0.801047120419,descending score then ascending unit coordinates
C2_2025_LOWER_OHIO,DSWx,2000,0.4,489,True,196,176,0.897959183673,0.102040816327,0.814814814815,descending score then ascending unit coordinates
C2_2025_LOWER_OHIO,DSWx,2000,0.45,489,True,221,197,0.891402714932,0.108597285068,0.804081632653,descending score then ascending unit coordinates
C2_2025_LOWER_OHIO,DSWx,2000,0.5,489,True,245,221,0.902040816327,0.0979591836735,0.82156133829,descending score then ascending unit coordinates
C2_2025_LOWER_OHIO,MNDWI,2000,0.05,218,True,11,10,0.909090909091,0.0909090909091,0.833333333333,descending score then ascending unit coordinates
C2_2025_LOWER_OHIO,MNDWI,2000,0.1,218,True,22,21,0.954545454545,0.0454545454545,0.913043478261,descending score then ascending unit coordinates
C2_2025_LOWER_OHIO,MNDWI,2000,0.15,218,True,33,31,0.939393939394,0.0606060606061,0.885714285714,descending score then ascending unit coordinates
C2_2025_LOWER_OHIO,MNDWI,2000,0.2,218,True,44,43,0.977272727273,0.0227272727273,0.955555555556,descending score then ascending unit coordinates
C2_2025_LOWER_OHIO,MNDWI,2000,0.25,218,True,55,53,0.963636363636,0.0363636363636,0.929824561404,descending score then ascending unit coordinates
C2_2025_LOWER_OHIO,MNDWI,2000,0.3,218,True,66,64,0.969696969697,0.030303030303,0.941176470588,descending score then ascending unit coordinates
C2_2025_LOWER_OHIO,MNDWI,2000,0.35,218,True,77,75,0.974025974026,0.025974025974,0.949367088608,descending score then ascending unit coordinates
C2_2025_LOWER_OHIO,MNDWI,2000,0.4,218,True,88,82,0.931818181818,0.0681818181818,0.872340425532,descending score then ascending unit coordinates
C2_2025_LOWER_OHIO,MNDWI,2000,0.45,218,True,99,90,0.909090909091,0.0909090909091,0.833333333333,descending score then ascending unit coordinates
C2_2025_LOWER_OHIO,MNDWI,2000,0.5,218,True,109,99,0.908256880734,0.0917431192661,0.831932773109,descending score then ascending unit coordinates
C2_2025_LOWER_OHIO,AWEI,2000,0.05,191,True,10,10,1,0,1,descending score then ascending unit coordinates
C2_2025_LOWER_OHIO,AWEI,2000,0.1,191,True,20,19,0.95,0.05,0.904761904762,descending score then ascending unit coordinates
C2_2025_LOWER_OHIO,AWEI,2000,0.15,191,True,29,28,0.965517241379,0.0344827586207,0.933333333333,descending score then ascending unit coordinates
C2_2025_LOWER_OHIO,AWEI,2000,0.2,191,True,39,38,0.974358974359,0.025641025641,0.95,descending score then ascending unit coordinates
C2_2025_LOWER_OHIO,AWEI,2000,0.25,191,True,48,47,0.979166666667,0.0208333333333,0.959183673469,descending score then ascending unit coordinates
C2_2025_LOWER_OHIO,AWEI,2000,0.3,191,True,58,57,0.98275862069,0.0172413793103,0.966101694915,descending score then ascending unit coordinates
C2_2025_LOWER_OHIO,AWEI,2000,0.35,191,True,67,66,0.985074626866,0.0149253731343,0.970588235294,descending score then ascending unit coordinates
C2_2025_LOWER_OHIO,AWEI,2000,0.4,191,True,77,74,0.961038961039,0.038961038961,0.925,descending score then ascending unit coordinates
C2_2025_LOWER_OHIO,AWEI,2000,0.45,191,True,86,80,0.93023255814,0.0697674418605,0.869565217391,descending score then ascending unit coordinates
C2_2025_LOWER_OHIO,AWEI,2000,0.5,191,True,96,86,0.895833333333,0.104166666667,0.811320754717,descending score then ascending unit coordinates
C2_2025_LOWER_OHIO,DSWx,5000,0.05,161,True,9,8,0.888888888889,0.111111111111,0.8,descending score then ascending unit coordinates
C2_2025_LOWER_OHIO,DSWx,5000,0.1,161,True,17,16,0.941176470588,0.0588235294118,0.888888888889,descending score then ascending unit coordinates
C2_2025_LOWER_OHIO,DSWx,5000,0.15,161,True,25,24,0.96,0.04,0.923076923077,descending score then ascending unit coordinates
C2_2025_LOWER_OHIO,DSWx,5000,0.2,161,True,33,31,0.939393939394,0.0606060606061,0.885714285714,descending score then ascending unit coordinates
C2_2025_LOWER_OHIO,DSWx,5000,0.25,161,True,41,39,0.951219512195,0.0487804878049,0.906976744186,descending score then ascending unit coordinates
C2_2025_LOWER_OHIO,DSWx,5000,0.3,161,True,49,46,0.938775510204,0.0612244897959,0.884615384615,descending score then ascending unit coordinates
C2_2025_LOWER_OHIO,DSWx,5000,0.35,161,True,57,53,0.929824561404,0.0701754385965,0.868852459016,descending score then ascending unit coordinates
C2_2025_LOWER_OHIO,DSWx,5000,0.4,161,True,65,59,0.907692307692,0.0923076923077,0.830985915493,descending score then ascending unit coordinates
C2_2025_LOWER_OHIO,DSWx,5000,0.45,161,True,73,67,0.917808219178,0.0821917808219,0.848101265823,descending score then ascending unit coordinates
C2_2025_LOWER_OHIO,DSWx,5000,0.5,161,True,81,71,0.876543209877,0.123456790123,0.78021978022,descending score then ascending unit coordinates
C2_2025_LOWER_OHIO,MNDWI,5000,0.05,91,True,5,5,1,0,1,descending score then ascending unit coordinates
C2_2025_LOWER_OHIO,MNDWI,5000,0.1,91,True,10,9,0.9,0.1,0.818181818182,descending score then ascending unit coordinates
C2_2025_LOWER_OHIO,MNDWI,5000,0.15,91,True,14,13,0.928571428571,0.0714285714286,0.866666666667,descending score then ascending unit coordinates
C2_2025_LOWER_OHIO,MNDWI,5000,0.2,91,True,19,18,0.947368421053,0.0526315789474,0.9,descending score then ascending unit coordinates
C2_2025_LOWER_OHIO,MNDWI,5000,0.25,91,True,23,21,0.913043478261,0.0869565217391,0.84,descending score then ascending unit coordinates
C2_2025_LOWER_OHIO,MNDWI,5000,0.3,91,True,28,26,0.928571428571,0.0714285714286,0.866666666667,descending score then ascending unit coordinates
C2_2025_LOWER_OHIO,MNDWI,5000,0.35,91,True,32,29,0.90625,0.09375,0.828571428571,descending score then ascending unit coordinates
C2_2025_LOWER_OHIO,MNDWI,5000,0.4,91,True,37,35,0.945945945946,0.0540540540541,0.897435897436,descending score then ascending unit coordinates
C2_2025_LOWER_OHIO,MNDWI,5000,0.45,91,True,41,38,0.926829268293,0.0731707317073,0.863636363636,descending score then ascending unit coordinates
C2_2025_LOWER_OHIO,MNDWI,5000,0.5,91,True,46,41,0.891304347826,0.108695652174,0.803921568627,descending score then ascending unit coordinates
C2_2025_LOWER_OHIO,AWEI,5000,0.05,81,True,5,5,1,0,1,descending score then ascending unit coordinates
C2_2025_LOWER_OHIO,AWEI,5000,0.1,81,True,9,9,1,0,1,descending score then ascending unit coordinates
C2_2025_LOWER_OHIO,AWEI,5000,0.15,81,True,13,13,1,0,1,descending score then ascending unit coordinates
C2_2025_LOWER_OHIO,AWEI,5000,0.2,81,True,17,17,1,0,1,descending score then ascending unit coordinates
C2_2025_LOWER_OHIO,AWEI,5000,0.25,81,True,21,20,0.952380952381,0.047619047619,0.909090909091,descending score then ascending unit coordinates
C2_2025_LOWER_OHIO,AWEI,5000,0.3,81,True,25,24,0.96,0.04,0.923076923077,descending score then ascending unit coordinates
C2_2025_LOWER_OHIO,AWEI,5000,0.35,81,True,29,27,0.931034482759,0.0689655172414,0.870967741935,descending score then ascending unit coordinates
C2_2025_LOWER_OHIO,AWEI,5000,0.4,81,True,33,31,0.939393939394,0.0606060606061,0.885714285714,descending score then ascending unit coordinates
C2_2025_LOWER_OHIO,AWEI,5000,0.45,81,True,37,35,0.945945945946,0.0540540540541,0.897435897436,descending score then ascending unit coordinates
C2_2025_LOWER_OHIO,AWEI,5000,0.5,81,True,41,38,0.926829268293,0.0731707317073,0.863636363636,descending score then ascending unit coordinates
C2_2025_LOWER_OHIO,DSWx,10000,0.05,55,True,3,3,1,0,1,descending score then ascending unit coordinates
C2_2025_LOWER_OHIO,DSWx,10000,0.1,55,True,6,6,1,0,1,descending score then ascending unit coordinates
C2_2025_LOWER_OHIO,DSWx,10000,0.15,55,True,9,8,0.888888888889,0.111111111111,0.8,descending score then ascending unit coordinates
C2_2025_LOWER_OHIO,DSWx,10000,0.2,55,True,11,10,0.909090909091,0.0909090909091,0.833333333333,descending score then ascending unit coordinates
C2_2025_LOWER_OHIO,DSWx,10000,0.25,55,True,14,13,0.928571428571,0.0714285714286,0.866666666667,descending score then ascending unit coordinates
C2_2025_LOWER_OHIO,DSWx,10000,0.3,55,True,17,16,0.941176470588,0.0588235294118,0.888888888889,descending score then ascending unit coordinates
C2_2025_LOWER_OHIO,DSWx,10000,0.35,55,True,20,18,0.9,0.1,0.818181818182,descending score then ascending unit coordinates
C2_2025_LOWER_OHIO,DSWx,10000,0.4,55,True,22,19,0.863636363636,0.136363636364,0.76,descending score then ascending unit coordinates
C2_2025_LOWER_OHIO,DSWx,10000,0.45,55,True,25,22,0.88,0.12,0.785714285714,descending score then ascending unit coordinates
C2_2025_LOWER_OHIO,DSWx,10000,0.5,55,True,28,24,0.857142857143,0.142857142857,0.75,descending score then ascending unit coordinates
C2_2025_LOWER_OHIO,MNDWI,10000,0.05,42,True,3,3,1,0,1,descending score then ascending unit coordinates
C2_2025_LOWER_OHIO,MNDWI,10000,0.1,42,True,5,5,1,0,1,descending score then ascending unit coordinates
C2_2025_LOWER_OHIO,MNDWI,10000,0.15,42,True,7,7,1,0,1,descending score then ascending unit coordinates
C2_2025_LOWER_OHIO,MNDWI,10000,0.2,42,True,9,8,0.888888888889,0.111111111111,0.8,descending score then ascending unit coordinates
C2_2025_LOWER_OHIO,MNDWI,10000,0.25,42,True,11,11,1,0,1,descending score then ascending unit coordinates
C2_2025_LOWER_OHIO,MNDWI,10000,0.3,42,True,13,12,0.923076923077,0.0769230769231,0.857142857143,descending score then ascending unit coordinates
C2_2025_LOWER_OHIO,MNDWI,10000,0.35,42,True,15,14,0.933333333333,0.0666666666667,0.875,descending score then ascending unit coordinates
C2_2025_LOWER_OHIO,MNDWI,10000,0.4,42,True,17,15,0.882352941176,0.117647058824,0.789473684211,descending score then ascending unit coordinates
C2_2025_LOWER_OHIO,MNDWI,10000,0.45,42,True,19,16,0.842105263158,0.157894736842,0.727272727273,descending score then ascending unit coordinates
C2_2025_LOWER_OHIO,MNDWI,10000,0.5,42,True,21,18,0.857142857143,0.142857142857,0.75,descending score then ascending unit coordinates
C2_2025_LOWER_OHIO,AWEI,10000,0.05,39,True,2,2,1,0,1,descending score then ascending unit coordinates
C2_2025_LOWER_OHIO,AWEI,10000,0.1,39,True,4,4,1,0,1,descending score then ascending unit coordinates
C2_2025_LOWER_OHIO,AWEI,10000,0.15,39,True,6,6,1,0,1,descending score then ascending unit coordinates
C2_2025_LOWER_OHIO,AWEI,10000,0.2,39,True,8,8,1,0,1,descending score then ascending unit coordinates
C2_2025_LOWER_OHIO,AWEI,10000,0.25,39,True,10,10,1,0,1,descending score then ascending unit coordinates
C2_2025_LOWER_OHIO,AWEI,10000,0.3,39,True,12,11,0.916666666667,0.0833333333333,0.846153846154,descending score then ascending unit coordinates
C2_2025_LOWER_OHIO,AWEI,10000,0.35,39,True,14,13,0.928571428571,0.0714285714286,0.866666666667,descending score then ascending unit coordinates
C2_2025_LOWER_OHIO,AWEI,10000,0.4,39,True,16,15,0.9375,0.0625,0.882352941176,descending score then ascending unit coordinates
C2_2025_LOWER_OHIO,AWEI,10000,0.45,39,True,18,17,0.944444444444,0.0555555555556,0.894736842105,descending score then ascending unit coordinates
C2_2025_LOWER_OHIO,AWEI,10000,0.5,39,True,20,18,0.9,0.1,0.818181818182,descending score then ascending unit coordinates
C2_2025_LOWER_OHIO,DSWx,20000,0.05,21,True,2,2,1,0,1,descending score then ascending unit coordinates
C2_2025_LOWER_OHIO,DSWx,20000,0.1,21,True,3,3,1,0,1,descending score then ascending unit coordinates
C2_2025_LOWER_OHIO,DSWx,20000,0.15,21,True,4,4,1,0,1,descending score then ascending unit coordinates
C2_2025_LOWER_OHIO,DSWx,20000,0.2,21,True,5,4,0.8,0.2,0.666666666667,descending score then ascending unit coordinates
C2_2025_LOWER_OHIO,DSWx,20000,0.25,21,True,6,5,0.833333333333,0.166666666667,0.714285714286,descending score then ascending unit coordinates
C2_2025_LOWER_OHIO,DSWx,20000,0.3,21,True,7,6,0.857142857143,0.142857142857,0.75,descending score then ascending unit coordinates
C2_2025_LOWER_OHIO,DSWx,20000,0.35,21,True,8,7,0.875,0.125,0.777777777778,descending score then ascending unit coordinates
C2_2025_LOWER_OHIO,DSWx,20000,0.4,21,True,9,8,0.888888888889,0.111111111111,0.8,descending score then ascending unit coordinates
C2_2025_LOWER_OHIO,DSWx,20000,0.45,21,True,10,9,0.9,0.1,0.818181818182,descending score then ascending unit coordinates
C2_2025_LOWER_OHIO,DSWx,20000,0.5,21,True,11,10,0.909090909091,0.0909090909091,0.833333333333,descending score then ascending unit coordinates
C2_2025_LOWER_OHIO,MNDWI,20000,0.05,20,True,1,1,1,0,1,descending score then ascending unit coordinates
C2_2025_LOWER_OHIO,MNDWI,20000,0.1,20,True,2,2,1,0,1,descending score then ascending unit coordinates
C2_2025_LOWER_OHIO,MNDWI,20000,0.15,20,True,3,3,1,0,1,descending score then ascending unit coordinates
C2_2025_LOWER_OHIO,MNDWI,20000,0.2,20,True,4,4,1,0,1,descending score then ascending unit coordinates
C2_2025_LOWER_OHIO,MNDWI,20000,0.25,20,True,5,5,1,0,1,descending score then ascending unit coordinates
C2_2025_LOWER_OHIO,MNDWI,20000,0.3,20,True,6,6,1,0,1,descending score then ascending unit coordinates
C2_2025_LOWER_OHIO,MNDWI,20000,0.35,20,True,7,7,1,0,1,descending score then ascending unit coordinates
C2_2025_LOWER_OHIO,MNDWI,20000,0.4,20,True,8,8,1,0,1,descending score then ascending unit coordinates
C2_2025_LOWER_OHIO,MNDWI,20000,0.45,20,True,9,9,1,0,1,descending score then ascending unit coordinates
C2_2025_LOWER_OHIO,MNDWI,20000,0.5,20,True,10,9,0.9,0.1,0.818181818182,descending score then ascending unit coordinates
C2_2025_LOWER_OHIO,AWEI,20000,0.05,18,True,1,1,1,0,1,descending score then ascending unit coordinates
C2_2025_LOWER_OHIO,AWEI,20000,0.1,18,True,2,2,1,0,1,descending score then ascending unit coordinates
C2_2025_LOWER_OHIO,AWEI,20000,0.15,18,True,3,3,1,0,1,descending score then ascending unit coordinates
C2_2025_LOWER_OHIO,AWEI,20000,0.2,18,True,4,4,1,0,1,descending score then ascending unit coordinates
C2_2025_LOWER_OHIO,AWEI,20000,0.25,18,True,5,5,1,0,1,descending score then ascending unit coordinates
C2_2025_LOWER_OHIO,AWEI,20000,0.3,18,True,6,5,0.833333333333,0.166666666667,0.714285714286,descending score then ascending unit coordinates
C2_2025_LOWER_OHIO,AWEI,20000,0.35,18,True,7,7,1,0,1,descending score then ascending unit coordinates
C2_2025_LOWER_OHIO,AWEI,20000,0.4,18,True,8,8,1,0,1,descending score then ascending unit coordinates
C2_2025_LOWER_OHIO,AWEI,20000,0.45,18,True,9,9,1,0,1,descending score then ascending unit coordinates
C2_2025_LOWER_OHIO,AWEI,20000,0.5,18,True,9,9,1,0,1,descending score then ascending unit coordinates
C2_2025_LOWER_OHIO,DSWx,30000,0.05,11,True,1,1,1,0,1,descending score then ascending unit coordinates
C2_2025_LOWER_OHIO,DSWx,30000,0.1,11,True,2,2,1,0,1,descending score then ascending unit coordinates
C2_2025_LOWER_OHIO,DSWx,30000,0.15,11,True,2,2,1,0,1,descending score then ascending unit coordinates
C2_2025_LOWER_OHIO,DSWx,30000,0.2,11,True,3,3,1,0,1,descending score then ascending unit coordinates
C2_2025_LOWER_OHIO,DSWx,30000,0.25,11,True,3,3,1,0,1,descending score then ascending unit coordinates
C2_2025_LOWER_OHIO,DSWx,30000,0.3,11,True,4,4,1,0,1,descending score then ascending unit coordinates
C2_2025_LOWER_OHIO,DSWx,30000,0.35,11,True,4,4,1,0,1,descending score then ascending unit coordinates
C2_2025_LOWER_OHIO,DSWx,30000,0.4,11,True,5,4,0.8,0.2,0.666666666667,descending score then ascending unit coordinates
C2_2025_LOWER_OHIO,DSWx,30000,0.45,11,True,5,4,0.8,0.2,0.666666666667,descending score then ascending unit coordinates
C2_2025_LOWER_OHIO,DSWx,30000,0.5,11,True,6,5,0.833333333333,0.166666666667,0.714285714286,descending score then ascending unit coordinates
C2_2025_LOWER_OHIO,MNDWI,30000,0.05,9,False,1,1,1,0,1,descending score then ascending unit coordinates
C2_2025_LOWER_OHIO,MNDWI,30000,0.1,9,False,1,1,1,0,1,descending score then ascending unit coordinates
C2_2025_LOWER_OHIO,MNDWI,30000,0.15,9,False,2,2,1,0,1,descending score then ascending unit coordinates
C2_2025_LOWER_OHIO,MNDWI,30000,0.2,9,False,2,2,1,0,1,descending score then ascending unit coordinates
C2_2025_LOWER_OHIO,MNDWI,30000,0.25,9,False,3,3,1,0,1,descending score then ascending unit coordinates
C2_2025_LOWER_OHIO,MNDWI,30000,0.3,9,False,3,3,1,0,1,descending score then ascending unit coordinates
C2_2025_LOWER_OHIO,MNDWI,30000,0.35,9,False,4,4,1,0,1,descending score then ascending unit coordinates
C2_2025_LOWER_OHIO,MNDWI,30000,0.4,9,False,4,4,1,0,1,descending score then ascending unit coordinates
C2_2025_LOWER_OHIO,MNDWI,30000,0.45,9,False,5,5,1,0,1,descending score then ascending unit coordinates
C2_2025_LOWER_OHIO,MNDWI,30000,0.5,9,False,5,5,1,0,1,descending score then ascending unit coordinates
C2_2025_LOWER_OHIO,AWEI,30000,0.05,9,False,1,1,1,0,1,descending score then ascending unit coordinates
C2_2025_LOWER_OHIO,AWEI,30000,0.1,9,False,1,1,1,0,1,descending score then ascending unit coordinates
C2_2025_LOWER_OHIO,AWEI,30000,0.15,9,False,2,2,1,0,1,descending score then ascending unit coordinates
C2_2025_LOWER_OHIO,AWEI,30000,0.2,9,False,2,2,1,0,1,descending score then ascending unit coordinates
C2_2025_LOWER_OHIO,AWEI,30000,0.25,9,False,3,3,1,0,1,descending score then ascending unit coordinates
C2_2025_LOWER_OHIO,AWEI,30000,0.3,9,False,3,3,1,0,1,descending score then ascending unit coordinates
C2_2025_LOWER_OHIO,AWEI,30000,0.35,9,False,4,4,1,0,1,descending score then ascending unit coordinates
C2_2025_LOWER_OHIO,AWEI,30000,0.4,9,False,4,4,1,0,1,descending score then ascending unit coordinates
C2_2025_LOWER_OHIO,AWEI,30000,0.45,9,False,5,5,1,0,1,descending score then ascending unit coordinates
C2_2025_LOWER_OHIO,AWEI,30000,0.5,9,False,5,5,1,0,1,descending score then ascending unit coordinates
D3_2024_CENTRAL_INDIANA,DSWx,500,0.05,866,True,44,41,0.931818181818,0.0681818181818,0.872340425532,descending score then ascending unit coordinates
D3_2024_CENTRAL_INDIANA,DSWx,500,0.1,866,True,87,79,0.908045977011,0.0919540229885,0.831578947368,descending score then ascending unit coordinates
D3_2024_CENTRAL_INDIANA,DSWx,500,0.15,866,True,130,117,0.9,0.1,0.818181818182,descending score then ascending unit coordinates
D3_2024_CENTRAL_INDIANA,DSWx,500,0.2,866,True,174,150,0.862068965517,0.137931034483,0.757575757576,descending score then ascending unit coordinates
D3_2024_CENTRAL_INDIANA,DSWx,500,0.25,866,True,217,176,0.811059907834,0.188940092166,0.682170542636,descending score then ascending unit coordinates
D3_2024_CENTRAL_INDIANA,DSWx,500,0.3,866,True,260,208,0.8,0.2,0.666666666667,descending score then ascending unit coordinates
D3_2024_CENTRAL_INDIANA,DSWx,500,0.35,866,True,304,244,0.802631578947,0.197368421053,0.67032967033,descending score then ascending unit coordinates
D3_2024_CENTRAL_INDIANA,DSWx,500,0.4,866,True,347,279,0.804034582133,0.195965417867,0.672289156627,descending score then ascending unit coordinates
D3_2024_CENTRAL_INDIANA,DSWx,500,0.45,866,True,390,315,0.807692307692,0.192307692308,0.677419354839,descending score then ascending unit coordinates
D3_2024_CENTRAL_INDIANA,DSWx,500,0.5,866,True,433,340,0.785219399538,0.214780600462,0.6463878327,descending score then ascending unit coordinates
D3_2024_CENTRAL_INDIANA,MNDWI,500,0.05,176,True,9,8,0.888888888889,0.111111111111,0.8,descending score then ascending unit coordinates
D3_2024_CENTRAL_INDIANA,MNDWI,500,0.1,176,True,18,17,0.944444444444,0.0555555555556,0.894736842105,descending score then ascending unit coordinates
D3_2024_CENTRAL_INDIANA,MNDWI,500,0.15,176,True,27,26,0.962962962963,0.037037037037,0.928571428571,descending score then ascending unit coordinates
D3_2024_CENTRAL_INDIANA,MNDWI,500,0.2,176,True,36,34,0.944444444444,0.0555555555556,0.894736842105,descending score then ascending unit coordinates
D3_2024_CENTRAL_INDIANA,MNDWI,500,0.25,176,True,44,41,0.931818181818,0.0681818181818,0.872340425532,descending score then ascending unit coordinates
D3_2024_CENTRAL_INDIANA,MNDWI,500,0.3,176,True,53,50,0.943396226415,0.0566037735849,0.892857142857,descending score then ascending unit coordinates
D3_2024_CENTRAL_INDIANA,MNDWI,500,0.35,176,True,62,58,0.935483870968,0.0645161290323,0.878787878788,descending score then ascending unit coordinates
D3_2024_CENTRAL_INDIANA,MNDWI,500,0.4,176,True,71,65,0.915492957746,0.0845070422535,0.844155844156,descending score then ascending unit coordinates
D3_2024_CENTRAL_INDIANA,MNDWI,500,0.45,176,True,80,75,0.9375,0.0625,0.882352941176,descending score then ascending unit coordinates
D3_2024_CENTRAL_INDIANA,MNDWI,500,0.5,176,True,88,84,0.954545454545,0.0454545454545,0.913043478261,descending score then ascending unit coordinates
D3_2024_CENTRAL_INDIANA,AWEI,500,0.05,146,True,8,8,1,0,1,descending score then ascending unit coordinates
D3_2024_CENTRAL_INDIANA,AWEI,500,0.1,146,True,15,15,1,0,1,descending score then ascending unit coordinates
D3_2024_CENTRAL_INDIANA,AWEI,500,0.15,146,True,22,20,0.909090909091,0.0909090909091,0.833333333333,descending score then ascending unit coordinates
D3_2024_CENTRAL_INDIANA,AWEI,500,0.2,146,True,30,30,1,0,1,descending score then ascending unit coordinates
D3_2024_CENTRAL_INDIANA,AWEI,500,0.25,146,True,37,35,0.945945945946,0.0540540540541,0.897435897436,descending score then ascending unit coordinates
D3_2024_CENTRAL_INDIANA,AWEI,500,0.3,146,True,44,41,0.931818181818,0.0681818181818,0.872340425532,descending score then ascending unit coordinates
D3_2024_CENTRAL_INDIANA,AWEI,500,0.35,146,True,52,50,0.961538461538,0.0384615384615,0.925925925926,descending score then ascending unit coordinates
D3_2024_CENTRAL_INDIANA,AWEI,500,0.4,146,True,59,57,0.966101694915,0.0338983050847,0.934426229508,descending score then ascending unit coordinates
D3_2024_CENTRAL_INDIANA,AWEI,500,0.45,146,True,66,63,0.954545454545,0.0454545454545,0.913043478261,descending score then ascending unit coordinates
D3_2024_CENTRAL_INDIANA,AWEI,500,0.5,146,True,73,70,0.958904109589,0.041095890411,0.921052631579,descending score then ascending unit coordinates
D3_2024_CENTRAL_INDIANA,DSWx,1000,0.05,654,True,33,31,0.939393939394,0.0606060606061,0.885714285714,descending score then ascending unit coordinates
D3_2024_CENTRAL_INDIANA,DSWx,1000,0.1,654,True,66,61,0.924242424242,0.0757575757576,0.859154929577,descending score then ascending unit coordinates
D3_2024_CENTRAL_INDIANA,DSWx,1000,0.15,654,True,99,87,0.878787878788,0.121212121212,0.783783783784,descending score then ascending unit coordinates
D3_2024_CENTRAL_INDIANA,DSWx,1000,0.2,654,True,131,109,0.832061068702,0.167938931298,0.712418300654,descending score then ascending unit coordinates
D3_2024_CENTRAL_INDIANA,DSWx,1000,0.25,654,True,164,137,0.835365853659,0.164634146341,0.717277486911,descending score then ascending unit coordinates
D3_2024_CENTRAL_INDIANA,DSWx,1000,0.3,654,True,197,160,0.812182741117,0.187817258883,0.683760683761,descending score then ascending unit coordinates
D3_2024_CENTRAL_INDIANA,DSWx,1000,0.35,654,True,229,182,0.794759825328,0.205240174672,0.659420289855,descending score then ascending unit coordinates
D3_2024_CENTRAL_INDIANA,DSWx,1000,0.4,654,True,262,213,0.812977099237,0.187022900763,0.684887459807,descending score then ascending unit coordinates
D3_2024_CENTRAL_INDIANA,DSWx,1000,0.45,654,True,295,239,0.810169491525,0.189830508475,0.680911680912,descending score then ascending unit coordinates
D3_2024_CENTRAL_INDIANA,DSWx,1000,0.5,654,True,327,260,0.795107033639,0.204892966361,0.659898477157,descending score then ascending unit coordinates
D3_2024_CENTRAL_INDIANA,MNDWI,1000,0.05,135,True,7,6,0.857142857143,0.142857142857,0.75,descending score then ascending unit coordinates
D3_2024_CENTRAL_INDIANA,MNDWI,1000,0.1,135,True,14,12,0.857142857143,0.142857142857,0.75,descending score then ascending unit coordinates
D3_2024_CENTRAL_INDIANA,MNDWI,1000,0.15,135,True,21,18,0.857142857143,0.142857142857,0.75,descending score then ascending unit coordinates
D3_2024_CENTRAL_INDIANA,MNDWI,1000,0.2,135,True,27,25,0.925925925926,0.0740740740741,0.862068965517,descending score then ascending unit coordinates
D3_2024_CENTRAL_INDIANA,MNDWI,1000,0.25,135,True,34,32,0.941176470588,0.0588235294118,0.888888888889,descending score then ascending unit coordinates
D3_2024_CENTRAL_INDIANA,MNDWI,1000,0.3,135,True,41,38,0.926829268293,0.0731707317073,0.863636363636,descending score then ascending unit coordinates
D3_2024_CENTRAL_INDIANA,MNDWI,1000,0.35,135,True,48,45,0.9375,0.0625,0.882352941176,descending score then ascending unit coordinates
D3_2024_CENTRAL_INDIANA,MNDWI,1000,0.4,135,True,54,51,0.944444444444,0.0555555555556,0.894736842105,descending score then ascending unit coordinates
D3_2024_CENTRAL_INDIANA,MNDWI,1000,0.45,135,True,61,58,0.950819672131,0.0491803278689,0.90625,descending score then ascending unit coordinates
D3_2024_CENTRAL_INDIANA,MNDWI,1000,0.5,135,True,68,64,0.941176470588,0.0588235294118,0.888888888889,descending score then ascending unit coordinates
D3_2024_CENTRAL_INDIANA,AWEI,1000,0.05,114,True,6,6,1,0,1,descending score then ascending unit coordinates
D3_2024_CENTRAL_INDIANA,AWEI,1000,0.1,114,True,12,12,1,0,1,descending score then ascending unit coordinates
D3_2024_CENTRAL_INDIANA,AWEI,1000,0.15,114,True,18,15,0.833333333333,0.166666666667,0.714285714286,descending score then ascending unit coordinates
D3_2024_CENTRAL_INDIANA,AWEI,1000,0.2,114,True,23,22,0.95652173913,0.0434782608696,0.916666666667,descending score then ascending unit coordinates
D3_2024_CENTRAL_INDIANA,AWEI,1000,0.25,114,True,29,29,1,0,1,descending score then ascending unit coordinates
D3_2024_CENTRAL_INDIANA,AWEI,1000,0.3,114,True,35,34,0.971428571429,0.0285714285714,0.944444444444,descending score then ascending unit coordinates
D3_2024_CENTRAL_INDIANA,AWEI,1000,0.35,114,True,40,38,0.95,0.05,0.904761904762,descending score then ascending unit coordinates
D3_2024_CENTRAL_INDIANA,AWEI,1000,0.4,114,True,46,44,0.95652173913,0.0434782608696,0.916666666667,descending score then ascending unit coordinates
D3_2024_CENTRAL_INDIANA,AWEI,1000,0.45,114,True,52,50,0.961538461538,0.0384615384615,0.925925925926,descending score then ascending unit coordinates
D3_2024_CENTRAL_INDIANA,AWEI,1000,0.5,114,True,57,56,0.982456140351,0.0175438596491,0.965517241379,descending score then ascending unit coordinates
D3_2024_CENTRAL_INDIANA,DSWx,2000,0.05,410,True,21,19,0.904761904762,0.0952380952381,0.826086956522,descending score then ascending unit coordinates
D3_2024_CENTRAL_INDIANA,DSWx,2000,0.1,410,True,41,37,0.90243902439,0.0975609756098,0.822222222222,descending score then ascending unit coordinates
D3_2024_CENTRAL_INDIANA,DSWx,2000,0.15,410,True,62,50,0.806451612903,0.193548387097,0.675675675676,descending score then ascending unit coordinates
D3_2024_CENTRAL_INDIANA,DSWx,2000,0.2,410,True,82,66,0.80487804878,0.19512195122,0.673469387755,descending score then ascending unit coordinates
D3_2024_CENTRAL_INDIANA,DSWx,2000,0.25,410,True,103,86,0.834951456311,0.165048543689,0.716666666667,descending score then ascending unit coordinates
D3_2024_CENTRAL_INDIANA,DSWx,2000,0.3,410,True,123,95,0.772357723577,0.227642276423,0.629139072848,descending score then ascending unit coordinates
D3_2024_CENTRAL_INDIANA,DSWx,2000,0.35,410,True,144,109,0.756944444444,0.243055555556,0.608938547486,descending score then ascending unit coordinates
D3_2024_CENTRAL_INDIANA,DSWx,2000,0.4,410,True,164,125,0.762195121951,0.237804878049,0.615763546798,descending score then ascending unit coordinates
D3_2024_CENTRAL_INDIANA,DSWx,2000,0.45,410,True,185,146,0.789189189189,0.210810810811,0.651785714286,descending score then ascending unit coordinates
D3_2024_CENTRAL_INDIANA,DSWx,2000,0.5,410,True,205,164,0.8,0.2,0.666666666667,descending score then ascending unit coordinates
D3_2024_CENTRAL_INDIANA,MNDWI,2000,0.05,94,True,5,5,1,0,1,descending score then ascending unit coordinates
D3_2024_CENTRAL_INDIANA,MNDWI,2000,0.1,94,True,10,9,0.9,0.1,0.818181818182,descending score then ascending unit coordinates
D3_2024_CENTRAL_INDIANA,MNDWI,2000,0.15,94,True,15,15,1,0,1,descending score then ascending unit coordinates
D3_2024_CENTRAL_INDIANA,MNDWI,2000,0.2,94,True,19,19,1,0,1,descending score then ascending unit coordinates
D3_2024_CENTRAL_INDIANA,MNDWI,2000,0.25,94,True,24,23,0.958333333333,0.0416666666667,0.92,descending score then ascending unit coordinates
D3_2024_CENTRAL_INDIANA,MNDWI,2000,0.3,94,True,29,28,0.965517241379,0.0344827586207,0.933333333333,descending score then ascending unit coordinates
D3_2024_CENTRAL_INDIANA,MNDWI,2000,0.35,94,True,33,31,0.939393939394,0.0606060606061,0.885714285714,descending score then ascending unit coordinates
D3_2024_CENTRAL_INDIANA,MNDWI,2000,0.4,94,True,38,37,0.973684210526,0.0263157894737,0.948717948718,descending score then ascending unit coordinates
D3_2024_CENTRAL_INDIANA,MNDWI,2000,0.45,94,True,43,41,0.953488372093,0.046511627907,0.911111111111,descending score then ascending unit coordinates
D3_2024_CENTRAL_INDIANA,MNDWI,2000,0.5,94,True,47,42,0.893617021277,0.106382978723,0.807692307692,descending score then ascending unit coordinates
D3_2024_CENTRAL_INDIANA,AWEI,2000,0.05,82,True,5,5,1,0,1,descending score then ascending unit coordinates
D3_2024_CENTRAL_INDIANA,AWEI,2000,0.1,82,True,9,8,0.888888888889,0.111111111111,0.8,descending score then ascending unit coordinates
D3_2024_CENTRAL_INDIANA,AWEI,2000,0.15,82,True,13,11,0.846153846154,0.153846153846,0.733333333333,descending score then ascending unit coordinates
D3_2024_CENTRAL_INDIANA,AWEI,2000,0.2,82,True,17,16,0.941176470588,0.0588235294118,0.888888888889,descending score then ascending unit coordinates
D3_2024_CENTRAL_INDIANA,AWEI,2000,0.25,82,True,21,21,1,0,1,descending score then ascending unit coordinates
D3_2024_CENTRAL_INDIANA,AWEI,2000,0.3,82,True,25,25,1,0,1,descending score then ascending unit coordinates
D3_2024_CENTRAL_INDIANA,AWEI,2000,0.35,82,True,29,29,1,0,1,descending score then ascending unit coordinates
D3_2024_CENTRAL_INDIANA,AWEI,2000,0.4,82,True,33,33,1,0,1,descending score then ascending unit coordinates
D3_2024_CENTRAL_INDIANA,AWEI,2000,0.45,82,True,37,35,0.945945945946,0.0540540540541,0.897435897436,descending score then ascending unit coordinates
D3_2024_CENTRAL_INDIANA,AWEI,2000,0.5,82,True,41,39,0.951219512195,0.0487804878049,0.906976744186,descending score then ascending unit coordinates
D3_2024_CENTRAL_INDIANA,DSWx,5000,0.05,146,True,8,7,0.875,0.125,0.777777777778,descending score then ascending unit coordinates
D3_2024_CENTRAL_INDIANA,DSWx,5000,0.1,146,True,15,13,0.866666666667,0.133333333333,0.764705882353,descending score then ascending unit coordinates
D3_2024_CENTRAL_INDIANA,DSWx,5000,0.15,146,True,22,19,0.863636363636,0.136363636364,0.76,descending score then ascending unit coordinates
D3_2024_CENTRAL_INDIANA,DSWx,5000,0.2,146,True,30,24,0.8,0.2,0.666666666667,descending score then ascending unit coordinates
D3_2024_CENTRAL_INDIANA,DSWx,5000,0.25,146,True,37,26,0.702702702703,0.297297297297,0.541666666667,descending score then ascending unit coordinates
D3_2024_CENTRAL_INDIANA,DSWx,5000,0.3,146,True,44,33,0.75,0.25,0.6,descending score then ascending unit coordinates
D3_2024_CENTRAL_INDIANA,DSWx,5000,0.35,146,True,52,40,0.769230769231,0.230769230769,0.625,descending score then ascending unit coordinates
D3_2024_CENTRAL_INDIANA,DSWx,5000,0.4,146,True,59,46,0.779661016949,0.220338983051,0.638888888889,descending score then ascending unit coordinates
D3_2024_CENTRAL_INDIANA,DSWx,5000,0.45,146,True,66,55,0.833333333333,0.166666666667,0.714285714286,descending score then ascending unit coordinates
D3_2024_CENTRAL_INDIANA,DSWx,5000,0.5,146,True,73,60,0.821917808219,0.178082191781,0.697674418605,descending score then ascending unit coordinates
D3_2024_CENTRAL_INDIANA,MNDWI,5000,0.05,54,True,3,3,1,0,1,descending score then ascending unit coordinates
D3_2024_CENTRAL_INDIANA,MNDWI,5000,0.1,54,True,6,6,1,0,1,descending score then ascending unit coordinates
D3_2024_CENTRAL_INDIANA,MNDWI,5000,0.15,54,True,9,8,0.888888888889,0.111111111111,0.8,descending score then ascending unit coordinates
D3_2024_CENTRAL_INDIANA,MNDWI,5000,0.2,54,True,11,11,1,0,1,descending score then ascending unit coordinates
D3_2024_CENTRAL_INDIANA,MNDWI,5000,0.25,54,True,14,14,1,0,1,descending score then ascending unit coordinates
D3_2024_CENTRAL_INDIANA,MNDWI,5000,0.3,54,True,17,17,1,0,1,descending score then ascending unit coordinates
D3_2024_CENTRAL_INDIANA,MNDWI,5000,0.35,54,True,19,18,0.947368421053,0.0526315789474,0.9,descending score then ascending unit coordinates
D3_2024_CENTRAL_INDIANA,MNDWI,5000,0.4,54,True,22,20,0.909090909091,0.0909090909091,0.833333333333,descending score then ascending unit coordinates
D3_2024_CENTRAL_INDIANA,MNDWI,5000,0.45,54,True,25,23,0.92,0.08,0.851851851852,descending score then ascending unit coordinates
D3_2024_CENTRAL_INDIANA,MNDWI,5000,0.5,54,True,27,23,0.851851851852,0.148148148148,0.741935483871,descending score then ascending unit coordinates
D3_2024_CENTRAL_INDIANA,AWEI,5000,0.05,48,True,3,3,1,0,1,descending score then ascending unit coordinates
D3_2024_CENTRAL_INDIANA,AWEI,5000,0.1,48,True,5,5,1,0,1,descending score then ascending unit coordinates
D3_2024_CENTRAL_INDIANA,AWEI,5000,0.15,48,True,8,7,0.875,0.125,0.777777777778,descending score then ascending unit coordinates
D3_2024_CENTRAL_INDIANA,AWEI,5000,0.2,48,True,10,10,1,0,1,descending score then ascending unit coordinates
D3_2024_CENTRAL_INDIANA,AWEI,5000,0.25,48,True,12,12,1,0,1,descending score then ascending unit coordinates
D3_2024_CENTRAL_INDIANA,AWEI,5000,0.3,48,True,15,15,1,0,1,descending score then ascending unit coordinates
D3_2024_CENTRAL_INDIANA,AWEI,5000,0.35,48,True,17,17,1,0,1,descending score then ascending unit coordinates
D3_2024_CENTRAL_INDIANA,AWEI,5000,0.4,48,True,20,18,0.9,0.1,0.818181818182,descending score then ascending unit coordinates
D3_2024_CENTRAL_INDIANA,AWEI,5000,0.45,48,True,22,21,0.954545454545,0.0454545454545,0.913043478261,descending score then ascending unit coordinates
D3_2024_CENTRAL_INDIANA,AWEI,5000,0.5,48,True,24,23,0.958333333333,0.0416666666667,0.92,descending score then ascending unit coordinates
D3_2024_CENTRAL_INDIANA,DSWx,10000,0.05,48,True,3,3,1,0,1,descending score then ascending unit coordinates
D3_2024_CENTRAL_INDIANA,DSWx,10000,0.1,48,True,5,5,1,0,1,descending score then ascending unit coordinates
D3_2024_CENTRAL_INDIANA,DSWx,10000,0.15,48,True,8,7,0.875,0.125,0.777777777778,descending score then ascending unit coordinates
D3_2024_CENTRAL_INDIANA,DSWx,10000,0.2,48,True,10,9,0.9,0.1,0.818181818182,descending score then ascending unit coordinates
D3_2024_CENTRAL_INDIANA,DSWx,10000,0.25,48,True,12,10,0.833333333333,0.166666666667,0.714285714286,descending score then ascending unit coordinates
D3_2024_CENTRAL_INDIANA,DSWx,10000,0.3,48,True,15,12,0.8,0.2,0.666666666667,descending score then ascending unit coordinates
D3_2024_CENTRAL_INDIANA,DSWx,10000,0.35,48,True,17,14,0.823529411765,0.176470588235,0.7,descending score then ascending unit coordinates
D3_2024_CENTRAL_INDIANA,DSWx,10000,0.4,48,True,20,16,0.8,0.2,0.666666666667,descending score then ascending unit coordinates
D3_2024_CENTRAL_INDIANA,DSWx,10000,0.45,48,True,22,18,0.818181818182,0.181818181818,0.692307692308,descending score then ascending unit coordinates
D3_2024_CENTRAL_INDIANA,DSWx,10000,0.5,48,True,24,19,0.791666666667,0.208333333333,0.655172413793,descending score then ascending unit coordinates
D3_2024_CENTRAL_INDIANA,MNDWI,10000,0.05,36,True,2,2,1,0,1,descending score then ascending unit coordinates
D3_2024_CENTRAL_INDIANA,MNDWI,10000,0.1,36,True,4,4,1,0,1,descending score then ascending unit coordinates
D3_2024_CENTRAL_INDIANA,MNDWI,10000,0.15,36,True,6,6,1,0,1,descending score then ascending unit coordinates
D3_2024_CENTRAL_INDIANA,MNDWI,10000,0.2,36,True,8,8,1,0,1,descending score then ascending unit coordinates
D3_2024_CENTRAL_INDIANA,MNDWI,10000,0.25,36,True,9,9,1,0,1,descending score then ascending unit coordinates
D3_2024_CENTRAL_INDIANA,MNDWI,10000,0.3,36,True,11,10,0.909090909091,0.0909090909091,0.833333333333,descending score then ascending unit coordinates
D3_2024_CENTRAL_INDIANA,MNDWI,10000,0.35,36,True,13,11,0.846153846154,0.153846153846,0.733333333333,descending score then ascending unit coordinates
D3_2024_CENTRAL_INDIANA,MNDWI,10000,0.4,36,True,15,12,0.8,0.2,0.666666666667,descending score then ascending unit coordinates
D3_2024_CENTRAL_INDIANA,MNDWI,10000,0.45,36,True,17,13,0.764705882353,0.235294117647,0.619047619048,descending score then ascending unit coordinates
D3_2024_CENTRAL_INDIANA,MNDWI,10000,0.5,36,True,18,14,0.777777777778,0.222222222222,0.636363636364,descending score then ascending unit coordinates
D3_2024_CENTRAL_INDIANA,AWEI,10000,0.05,31,True,2,2,1,0,1,descending score then ascending unit coordinates
D3_2024_CENTRAL_INDIANA,AWEI,10000,0.1,31,True,4,4,1,0,1,descending score then ascending unit coordinates
D3_2024_CENTRAL_INDIANA,AWEI,10000,0.15,31,True,5,5,1,0,1,descending score then ascending unit coordinates
D3_2024_CENTRAL_INDIANA,AWEI,10000,0.2,31,True,7,7,1,0,1,descending score then ascending unit coordinates
D3_2024_CENTRAL_INDIANA,AWEI,10000,0.25,31,True,8,8,1,0,1,descending score then ascending unit coordinates
D3_2024_CENTRAL_INDIANA,AWEI,10000,0.3,31,True,10,10,1,0,1,descending score then ascending unit coordinates
D3_2024_CENTRAL_INDIANA,AWEI,10000,0.35,31,True,11,11,1,0,1,descending score then ascending unit coordinates
D3_2024_CENTRAL_INDIANA,AWEI,10000,0.4,31,True,13,12,0.923076923077,0.0769230769231,0.857142857143,descending score then ascending unit coordinates
D3_2024_CENTRAL_INDIANA,AWEI,10000,0.45,31,True,14,13,0.928571428571,0.0714285714286,0.866666666667,descending score then ascending unit coordinates
D3_2024_CENTRAL_INDIANA,AWEI,10000,0.5,31,True,16,13,0.8125,0.1875,0.684210526316,descending score then ascending unit coordinates
D3_2024_CENTRAL_INDIANA,DSWx,20000,0.05,20,True,1,1,1,0,1,descending score then ascending unit coordinates
D3_2024_CENTRAL_INDIANA,DSWx,20000,0.1,20,True,2,2,1,0,1,descending score then ascending unit coordinates
D3_2024_CENTRAL_INDIANA,DSWx,20000,0.15,20,True,3,3,1,0,1,descending score then ascending unit coordinates
D3_2024_CENTRAL_INDIANA,DSWx,20000,0.2,20,True,4,4,1,0,1,descending score then ascending unit coordinates
D3_2024_CENTRAL_INDIANA,DSWx,20000,0.25,20,True,5,4,0.8,0.2,0.666666666667,descending score then ascending unit coordinates
D3_2024_CENTRAL_INDIANA,DSWx,20000,0.3,20,True,6,5,0.833333333333,0.166666666667,0.714285714286,descending score then ascending unit coordinates
D3_2024_CENTRAL_INDIANA,DSWx,20000,0.35,20,True,7,5,0.714285714286,0.285714285714,0.555555555556,descending score then ascending unit coordinates
D3_2024_CENTRAL_INDIANA,DSWx,20000,0.4,20,True,8,6,0.75,0.25,0.6,descending score then ascending unit coordinates
D3_2024_CENTRAL_INDIANA,DSWx,20000,0.45,20,True,9,7,0.777777777778,0.222222222222,0.636363636364,descending score then ascending unit coordinates
D3_2024_CENTRAL_INDIANA,DSWx,20000,0.5,20,True,10,8,0.8,0.2,0.666666666667,descending score then ascending unit coordinates
D3_2024_CENTRAL_INDIANA,MNDWI,20000,0.05,18,True,1,1,1,0,1,descending score then ascending unit coordinates
D3_2024_CENTRAL_INDIANA,MNDWI,20000,0.1,18,True,2,2,1,0,1,descending score then ascending unit coordinates
D3_2024_CENTRAL_INDIANA,MNDWI,20000,0.15,18,True,3,3,1,0,1,descending score then ascending unit coordinates
D3_2024_CENTRAL_INDIANA,MNDWI,20000,0.2,18,True,4,4,1,0,1,descending score then ascending unit coordinates
D3_2024_CENTRAL_INDIANA,MNDWI,20000,0.25,18,True,5,4,0.8,0.2,0.666666666667,descending score then ascending unit coordinates
D3_2024_CENTRAL_INDIANA,MNDWI,20000,0.3,18,True,6,5,0.833333333333,0.166666666667,0.714285714286,descending score then ascending unit coordinates
D3_2024_CENTRAL_INDIANA,MNDWI,20000,0.35,18,True,7,5,0.714285714286,0.285714285714,0.555555555556,descending score then ascending unit coordinates
D3_2024_CENTRAL_INDIANA,MNDWI,20000,0.4,18,True,8,6,0.75,0.25,0.6,descending score then ascending unit coordinates
D3_2024_CENTRAL_INDIANA,MNDWI,20000,0.45,18,True,9,7,0.777777777778,0.222222222222,0.636363636364,descending score then ascending unit coordinates
D3_2024_CENTRAL_INDIANA,MNDWI,20000,0.5,18,True,9,7,0.777777777778,0.222222222222,0.636363636364,descending score then ascending unit coordinates
D3_2024_CENTRAL_INDIANA,AWEI,20000,0.05,16,True,1,1,1,0,1,descending score then ascending unit coordinates
D3_2024_CENTRAL_INDIANA,AWEI,20000,0.1,16,True,2,2,1,0,1,descending score then ascending unit coordinates
D3_2024_CENTRAL_INDIANA,AWEI,20000,0.15,16,True,3,3,1,0,1,descending score then ascending unit coordinates
D3_2024_CENTRAL_INDIANA,AWEI,20000,0.2,16,True,4,4,1,0,1,descending score then ascending unit coordinates
D3_2024_CENTRAL_INDIANA,AWEI,20000,0.25,16,True,4,4,1,0,1,descending score then ascending unit coordinates
D3_2024_CENTRAL_INDIANA,AWEI,20000,0.3,16,True,5,5,1,0,1,descending score then ascending unit coordinates
D3_2024_CENTRAL_INDIANA,AWEI,20000,0.35,16,True,6,5,0.833333333333,0.166666666667,0.714285714286,descending score then ascending unit coordinates
D3_2024_CENTRAL_INDIANA,AWEI,20000,0.4,16,True,7,6,0.857142857143,0.142857142857,0.75,descending score then ascending unit coordinates
D3_2024_CENTRAL_INDIANA,AWEI,20000,0.45,16,True,8,7,0.875,0.125,0.777777777778,descending score then ascending unit coordinates
D3_2024_CENTRAL_INDIANA,AWEI,20000,0.5,16,True,8,7,0.875,0.125,0.777777777778,descending score then ascending unit coordinates
D3_2024_CENTRAL_INDIANA,DSWx,30000,0.05,9,False,1,1,1,0,1,descending score then ascending unit coordinates
D3_2024_CENTRAL_INDIANA,DSWx,30000,0.1,9,False,1,1,1,0,1,descending score then ascending unit coordinates
D3_2024_CENTRAL_INDIANA,DSWx,30000,0.15,9,False,2,2,1,0,1,descending score then ascending unit coordinates
D3_2024_CENTRAL_INDIANA,DSWx,30000,0.2,9,False,2,2,1,0,1,descending score then ascending unit coordinates
D3_2024_CENTRAL_INDIANA,DSWx,30000,0.25,9,False,3,3,1,0,1,descending score then ascending unit coordinates
D3_2024_CENTRAL_INDIANA,DSWx,30000,0.3,9,False,3,3,1,0,1,descending score then ascending unit coordinates
D3_2024_CENTRAL_INDIANA,DSWx,30000,0.35,9,False,4,4,1,0,1,descending score then ascending unit coordinates
D3_2024_CENTRAL_INDIANA,DSWx,30000,0.4,9,False,4,4,1,0,1,descending score then ascending unit coordinates
D3_2024_CENTRAL_INDIANA,DSWx,30000,0.45,9,False,5,5,1,0,1,descending score then ascending unit coordinates
D3_2024_CENTRAL_INDIANA,DSWx,30000,0.5,9,False,5,5,1,0,1,descending score then ascending unit coordinates
D3_2024_CENTRAL_INDIANA,MNDWI,30000,0.05,9,False,1,1,1,0,1,descending score then ascending unit coordinates
D3_2024_CENTRAL_INDIANA,MNDWI,30000,0.1,9,False,1,1,1,0,1,descending score then ascending unit coordinates
D3_2024_CENTRAL_INDIANA,MNDWI,30000,0.15,9,False,2,2,1,0,1,descending score then ascending unit coordinates
D3_2024_CENTRAL_INDIANA,MNDWI,30000,0.2,9,False,2,2,1,0,1,descending score then ascending unit coordinates
D3_2024_CENTRAL_INDIANA,MNDWI,30000,0.25,9,False,3,3,1,0,1,descending score then ascending unit coordinates
D3_2024_CENTRAL_INDIANA,MNDWI,30000,0.3,9,False,3,3,1,0,1,descending score then ascending unit coordinates
D3_2024_CENTRAL_INDIANA,MNDWI,30000,0.35,9,False,4,4,1,0,1,descending score then ascending unit coordinates
D3_2024_CENTRAL_INDIANA,MNDWI,30000,0.4,9,False,4,4,1,0,1,descending score then ascending unit coordinates
D3_2024_CENTRAL_INDIANA,MNDWI,30000,0.45,9,False,5,5,1,0,1,descending score then ascending unit coordinates
D3_2024_CENTRAL_INDIANA,MNDWI,30000,0.5,9,False,5,5,1,0,1,descending score then ascending unit coordinates
D3_2024_CENTRAL_INDIANA,AWEI,30000,0.05,9,False,1,1,1,0,1,descending score then ascending unit coordinates
D3_2024_CENTRAL_INDIANA,AWEI,30000,0.1,9,False,1,1,1,0,1,descending score then ascending unit coordinates
D3_2024_CENTRAL_INDIANA,AWEI,30000,0.15,9,False,2,2,1,0,1,descending score then ascending unit coordinates
D3_2024_CENTRAL_INDIANA,AWEI,30000,0.2,9,False,2,2,1,0,1,descending score then ascending unit coordinates
D3_2024_CENTRAL_INDIANA,AWEI,30000,0.25,9,False,3,3,1,0,1,descending score then ascending unit coordinates
D3_2024_CENTRAL_INDIANA,AWEI,30000,0.3,9,False,3,3,1,0,1,descending score then ascending unit coordinates
D3_2024_CENTRAL_INDIANA,AWEI,30000,0.35,9,False,4,4,1,0,1,descending score then ascending unit coordinates
D3_2024_CENTRAL_INDIANA,AWEI,30000,0.4,9,False,4,4,1,0,1,descending score then ascending unit coordinates
D3_2024_CENTRAL_INDIANA,AWEI,30000,0.45,9,False,5,5,1,0,1,descending score then ascending unit coordinates
D3_2024_CENTRAL_INDIANA,AWEI,30000,0.5,9,False,5,5,1,0,1,descending score then ascending unit coordinates
D5_2024_NEBRASKA_IOWA,DSWx,500,0.05,1738,True,87,66,0.758620689655,0.241379310345,0.611111111111,descending score then ascending unit coordinates
D5_2024_NEBRASKA_IOWA,DSWx,500,0.1,1738,True,174,128,0.735632183908,0.264367816092,0.581818181818,descending score then ascending unit coordinates
D5_2024_NEBRASKA_IOWA,DSWx,500,0.15,1738,True,261,196,0.750957854406,0.249042145594,0.601226993865,descending score then ascending unit coordinates
D5_2024_NEBRASKA_IOWA,DSWx,500,0.2,1738,True,348,264,0.758620689655,0.241379310345,0.611111111111,descending score then ascending unit coordinates
D5_2024_NEBRASKA_IOWA,DSWx,500,0.25,1738,True,435,329,0.75632183908,0.24367816092,0.608133086876,descending score then ascending unit coordinates
D5_2024_NEBRASKA_IOWA,DSWx,500,0.3,1738,True,522,386,0.739463601533,0.260536398467,0.586626139818,descending score then ascending unit coordinates
D5_2024_NEBRASKA_IOWA,DSWx,500,0.35,1738,True,609,441,0.724137931034,0.275862068966,0.567567567568,descending score then ascending unit coordinates
D5_2024_NEBRASKA_IOWA,DSWx,500,0.4,1738,True,696,513,0.737068965517,0.262931034483,0.58361774744,descending score then ascending unit coordinates
D5_2024_NEBRASKA_IOWA,DSWx,500,0.45,1738,True,783,573,0.731800766284,0.268199233716,0.577039274924,descending score then ascending unit coordinates
D5_2024_NEBRASKA_IOWA,DSWx,500,0.5,1738,True,869,633,0.728423475259,0.271576524741,0.572850678733,descending score then ascending unit coordinates
D5_2024_NEBRASKA_IOWA,MNDWI,500,0.05,464,True,24,18,0.75,0.25,0.6,descending score then ascending unit coordinates
D5_2024_NEBRASKA_IOWA,MNDWI,500,0.1,464,True,47,37,0.787234042553,0.212765957447,0.649122807018,descending score then ascending unit coordinates
D5_2024_NEBRASKA_IOWA,MNDWI,500,0.15,464,True,70,50,0.714285714286,0.285714285714,0.555555555556,descending score then ascending unit coordinates
D5_2024_NEBRASKA_IOWA,MNDWI,500,0.2,464,True,93,64,0.688172043011,0.311827956989,0.524590163934,descending score then ascending unit coordinates
D5_2024_NEBRASKA_IOWA,MNDWI,500,0.25,464,True,116,78,0.672413793103,0.327586206897,0.506493506494,descending score then ascending unit coordinates
D5_2024_NEBRASKA_IOWA,MNDWI,500,0.3,464,True,140,96,0.685714285714,0.314285714286,0.521739130435,descending score then ascending unit coordinates
D5_2024_NEBRASKA_IOWA,MNDWI,500,0.35,464,True,163,107,0.656441717791,0.343558282209,0.488584474886,descending score then ascending unit coordinates
D5_2024_NEBRASKA_IOWA,MNDWI,500,0.4,464,True,186,114,0.612903225806,0.387096774194,0.441860465116,descending score then ascending unit coordinates
D5_2024_NEBRASKA_IOWA,MNDWI,500,0.45,464,True,209,126,0.602870813397,0.397129186603,0.431506849315,descending score then ascending unit coordinates
D5_2024_NEBRASKA_IOWA,MNDWI,500,0.5,464,True,232,143,0.616379310345,0.383620689655,0.445482866044,descending score then ascending unit coordinates
D5_2024_NEBRASKA_IOWA,AWEI,500,0.05,214,True,11,8,0.727272727273,0.272727272727,0.571428571429,descending score then ascending unit coordinates
D5_2024_NEBRASKA_IOWA,AWEI,500,0.1,214,True,22,14,0.636363636364,0.363636363636,0.466666666667,descending score then ascending unit coordinates
D5_2024_NEBRASKA_IOWA,AWEI,500,0.15,214,True,33,21,0.636363636364,0.363636363636,0.466666666667,descending score then ascending unit coordinates
D5_2024_NEBRASKA_IOWA,AWEI,500,0.2,214,True,43,28,0.651162790698,0.348837209302,0.48275862069,descending score then ascending unit coordinates
D5_2024_NEBRASKA_IOWA,AWEI,500,0.25,214,True,54,33,0.611111111111,0.388888888889,0.44,descending score then ascending unit coordinates
D5_2024_NEBRASKA_IOWA,AWEI,500,0.3,214,True,65,36,0.553846153846,0.446153846154,0.382978723404,descending score then ascending unit coordinates
D5_2024_NEBRASKA_IOWA,AWEI,500,0.35,214,True,75,42,0.56,0.44,0.388888888889,descending score then ascending unit coordinates
D5_2024_NEBRASKA_IOWA,AWEI,500,0.4,214,True,86,49,0.56976744186,0.43023255814,0.39837398374,descending score then ascending unit coordinates
D5_2024_NEBRASKA_IOWA,AWEI,500,0.45,214,True,97,58,0.59793814433,0.40206185567,0.426470588235,descending score then ascending unit coordinates
D5_2024_NEBRASKA_IOWA,AWEI,500,0.5,214,True,107,71,0.663551401869,0.336448598131,0.496503496503,descending score then ascending unit coordinates
D5_2024_NEBRASKA_IOWA,DSWx,1000,0.05,1176,True,59,41,0.694915254237,0.305084745763,0.532467532468,descending score then ascending unit coordinates
D5_2024_NEBRASKA_IOWA,DSWx,1000,0.1,1176,True,118,87,0.737288135593,0.262711864407,0.58389261745,descending score then ascending unit coordinates
D5_2024_NEBRASKA_IOWA,DSWx,1000,0.15,1176,True,177,136,0.768361581921,0.231638418079,0.623853211009,descending score then ascending unit coordinates
D5_2024_NEBRASKA_IOWA,DSWx,1000,0.2,1176,True,236,187,0.792372881356,0.207627118644,0.656140350877,descending score then ascending unit coordinates
D5_2024_NEBRASKA_IOWA,DSWx,1000,0.25,1176,True,294,229,0.778911564626,0.221088435374,0.637883008357,descending score then ascending unit coordinates
D5_2024_NEBRASKA_IOWA,DSWx,1000,0.3,1176,True,353,278,0.787535410765,0.212464589235,0.64953271028,descending score then ascending unit coordinates
D5_2024_NEBRASKA_IOWA,DSWx,1000,0.35,1176,True,412,333,0.808252427184,0.191747572816,0.678207739308,descending score then ascending unit coordinates
D5_2024_NEBRASKA_IOWA,DSWx,1000,0.4,1176,True,471,373,0.791932059448,0.208067940552,0.65553602812,descending score then ascending unit coordinates
D5_2024_NEBRASKA_IOWA,DSWx,1000,0.45,1176,True,530,417,0.78679245283,0.21320754717,0.648522550544,descending score then ascending unit coordinates
D5_2024_NEBRASKA_IOWA,DSWx,1000,0.5,1176,True,588,465,0.790816326531,0.209183673469,0.654008438819,descending score then ascending unit coordinates
D5_2024_NEBRASKA_IOWA,MNDWI,1000,0.05,370,True,19,16,0.842105263158,0.157894736842,0.727272727273,descending score then ascending unit coordinates
D5_2024_NEBRASKA_IOWA,MNDWI,1000,0.1,370,True,37,28,0.756756756757,0.243243243243,0.608695652174,descending score then ascending unit coordinates
D5_2024_NEBRASKA_IOWA,MNDWI,1000,0.15,370,True,56,40,0.714285714286,0.285714285714,0.555555555556,descending score then ascending unit coordinates
D5_2024_NEBRASKA_IOWA,MNDWI,1000,0.2,370,True,74,49,0.662162162162,0.337837837838,0.494949494949,descending score then ascending unit coordinates
D5_2024_NEBRASKA_IOWA,MNDWI,1000,0.25,370,True,93,66,0.709677419355,0.290322580645,0.55,descending score then ascending unit coordinates
D5_2024_NEBRASKA_IOWA,MNDWI,1000,0.3,370,True,111,76,0.684684684685,0.315315315315,0.520547945205,descending score then ascending unit coordinates
D5_2024_NEBRASKA_IOWA,MNDWI,1000,0.35,370,True,130,89,0.684615384615,0.315384615385,0.520467836257,descending score then ascending unit coordinates
D5_2024_NEBRASKA_IOWA,MNDWI,1000,0.4,370,True,148,96,0.648648648649,0.351351351351,0.48,descending score then ascending unit coordinates
D5_2024_NEBRASKA_IOWA,MNDWI,1000,0.45,370,True,167,107,0.640718562874,0.359281437126,0.471365638767,descending score then ascending unit coordinates
D5_2024_NEBRASKA_IOWA,MNDWI,1000,0.5,370,True,185,117,0.632432432432,0.367567567568,0.462450592885,descending score then ascending unit coordinates
D5_2024_NEBRASKA_IOWA,AWEI,1000,0.05,176,True,9,6,0.666666666667,0.333333333333,0.5,descending score then ascending unit coordinates
D5_2024_NEBRASKA_IOWA,AWEI,1000,0.1,176,True,18,10,0.555555555556,0.444444444444,0.384615384615,descending score then ascending unit coordinates
D5_2024_NEBRASKA_IOWA,AWEI,1000,0.15,176,True,27,17,0.62962962963,0.37037037037,0.459459459459,descending score then ascending unit coordinates
D5_2024_NEBRASKA_IOWA,AWEI,1000,0.2,176,True,36,24,0.666666666667,0.333333333333,0.5,descending score then ascending unit coordinates
D5_2024_NEBRASKA_IOWA,AWEI,1000,0.25,176,True,44,27,0.613636363636,0.386363636364,0.44262295082,descending score then ascending unit coordinates
D5_2024_NEBRASKA_IOWA,AWEI,1000,0.3,176,True,53,32,0.603773584906,0.396226415094,0.432432432432,descending score then ascending unit coordinates
D5_2024_NEBRASKA_IOWA,AWEI,1000,0.35,176,True,62,38,0.612903225806,0.387096774194,0.441860465116,descending score then ascending unit coordinates
D5_2024_NEBRASKA_IOWA,AWEI,1000,0.4,176,True,71,40,0.56338028169,0.43661971831,0.392156862745,descending score then ascending unit coordinates
D5_2024_NEBRASKA_IOWA,AWEI,1000,0.45,176,True,80,49,0.6125,0.3875,0.441441441441,descending score then ascending unit coordinates
D5_2024_NEBRASKA_IOWA,AWEI,1000,0.5,176,True,88,55,0.625,0.375,0.454545454545,descending score then ascending unit coordinates
D5_2024_NEBRASKA_IOWA,DSWx,2000,0.05,674,True,34,25,0.735294117647,0.264705882353,0.581395348837,descending score then ascending unit coordinates
D5_2024_NEBRASKA_IOWA,DSWx,2000,0.1,674,True,68,54,0.794117647059,0.205882352941,0.658536585366,descending score then ascending unit coordinates
D5_2024_NEBRASKA_IOWA,DSWx,2000,0.15,674,True,102,79,0.774509803922,0.225490196078,0.632,descending score then ascending unit coordinates
D5_2024_NEBRASKA_IOWA,DSWx,2000,0.2,674,True,135,114,0.844444444444,0.155555555556,0.730769230769,descending score then ascending unit coordinates
D5_2024_NEBRASKA_IOWA,DSWx,2000,0.25,674,True,169,144,0.852071005917,0.147928994083,0.742268041237,descending score then ascending unit coordinates
D5_2024_NEBRASKA_IOWA,DSWx,2000,0.3,674,True,203,174,0.857142857143,0.142857142857,0.75,descending score then ascending unit coordinates
D5_2024_NEBRASKA_IOWA,DSWx,2000,0.35,674,True,236,201,0.851694915254,0.148305084746,0.741697416974,descending score then ascending unit coordinates
D5_2024_NEBRASKA_IOWA,DSWx,2000,0.4,674,True,270,231,0.855555555556,0.144444444444,0.747572815534,descending score then ascending unit coordinates
D5_2024_NEBRASKA_IOWA,DSWx,2000,0.45,674,True,304,257,0.845394736842,0.154605263158,0.732193732194,descending score then ascending unit coordinates
D5_2024_NEBRASKA_IOWA,DSWx,2000,0.5,674,True,337,284,0.842729970326,0.157270029674,0.728205128205,descending score then ascending unit coordinates
D5_2024_NEBRASKA_IOWA,MNDWI,2000,0.05,270,True,14,9,0.642857142857,0.357142857143,0.473684210526,descending score then ascending unit coordinates
D5_2024_NEBRASKA_IOWA,MNDWI,2000,0.1,270,True,27,20,0.740740740741,0.259259259259,0.588235294118,descending score then ascending unit coordinates
D5_2024_NEBRASKA_IOWA,MNDWI,2000,0.15,270,True,41,30,0.731707317073,0.268292682927,0.576923076923,descending score then ascending unit coordinates
D5_2024_NEBRASKA_IOWA,MNDWI,2000,0.2,270,True,54,38,0.703703703704,0.296296296296,0.542857142857,descending score then ascending unit coordinates
D5_2024_NEBRASKA_IOWA,MNDWI,2000,0.25,270,True,68,50,0.735294117647,0.264705882353,0.581395348837,descending score then ascending unit coordinates
D5_2024_NEBRASKA_IOWA,MNDWI,2000,0.3,270,True,81,58,0.716049382716,0.283950617284,0.557692307692,descending score then ascending unit coordinates
D5_2024_NEBRASKA_IOWA,MNDWI,2000,0.35,270,True,95,67,0.705263157895,0.294736842105,0.544715447154,descending score then ascending unit coordinates
D5_2024_NEBRASKA_IOWA,MNDWI,2000,0.4,270,True,108,77,0.712962962963,0.287037037037,0.553956834532,descending score then ascending unit coordinates
D5_2024_NEBRASKA_IOWA,MNDWI,2000,0.45,270,True,122,83,0.680327868852,0.319672131148,0.515527950311,descending score then ascending unit coordinates
D5_2024_NEBRASKA_IOWA,MNDWI,2000,0.5,270,True,135,89,0.659259259259,0.340740740741,0.491712707182,descending score then ascending unit coordinates
D5_2024_NEBRASKA_IOWA,AWEI,2000,0.05,148,True,8,5,0.625,0.375,0.454545454545,descending score then ascending unit coordinates
D5_2024_NEBRASKA_IOWA,AWEI,2000,0.1,148,True,15,10,0.666666666667,0.333333333333,0.5,descending score then ascending unit coordinates
D5_2024_NEBRASKA_IOWA,AWEI,2000,0.15,148,True,23,13,0.565217391304,0.434782608696,0.393939393939,descending score then ascending unit coordinates
D5_2024_NEBRASKA_IOWA,AWEI,2000,0.2,148,True,30,16,0.533333333333,0.466666666667,0.363636363636,descending score then ascending unit coordinates
D5_2024_NEBRASKA_IOWA,AWEI,2000,0.25,148,True,37,22,0.594594594595,0.405405405405,0.423076923077,descending score then ascending unit coordinates
D5_2024_NEBRASKA_IOWA,AWEI,2000,0.3,148,True,45,26,0.577777777778,0.422222222222,0.40625,descending score then ascending unit coordinates
D5_2024_NEBRASKA_IOWA,AWEI,2000,0.35,148,True,52,29,0.557692307692,0.442307692308,0.386666666667,descending score then ascending unit coordinates
D5_2024_NEBRASKA_IOWA,AWEI,2000,0.4,148,True,60,33,0.55,0.45,0.379310344828,descending score then ascending unit coordinates
D5_2024_NEBRASKA_IOWA,AWEI,2000,0.45,148,True,67,35,0.522388059701,0.477611940299,0.353535353535,descending score then ascending unit coordinates
D5_2024_NEBRASKA_IOWA,AWEI,2000,0.5,148,True,74,46,0.621621621622,0.378378378378,0.450980392157,descending score then ascending unit coordinates
D5_2024_NEBRASKA_IOWA,DSWx,5000,0.05,257,True,13,8,0.615384615385,0.384615384615,0.444444444444,descending score then ascending unit coordinates
D5_2024_NEBRASKA_IOWA,DSWx,5000,0.1,257,True,26,23,0.884615384615,0.115384615385,0.793103448276,descending score then ascending unit coordinates
D5_2024_NEBRASKA_IOWA,DSWx,5000,0.15,257,True,39,33,0.846153846154,0.153846153846,0.733333333333,descending score then ascending unit coordinates
D5_2024_NEBRASKA_IOWA,DSWx,5000,0.2,257,True,52,48,0.923076923077,0.0769230769231,0.857142857143,descending score then ascending unit coordinates
D5_2024_NEBRASKA_IOWA,DSWx,5000,0.25,257,True,65,60,0.923076923077,0.0769230769231,0.857142857143,descending score then ascending unit coordinates
D5_2024_NEBRASKA_IOWA,DSWx,5000,0.3,257,True,78,70,0.897435897436,0.102564102564,0.813953488372,descending score then ascending unit coordinates
D5_2024_NEBRASKA_IOWA,DSWx,5000,0.35,257,True,90,80,0.888888888889,0.111111111111,0.8,descending score then ascending unit coordinates
D5_2024_NEBRASKA_IOWA,DSWx,5000,0.4,257,True,103,91,0.883495145631,0.116504854369,0.791304347826,descending score then ascending unit coordinates
D5_2024_NEBRASKA_IOWA,DSWx,5000,0.45,257,True,116,101,0.870689655172,0.129310344828,0.770992366412,descending score then ascending unit coordinates
D5_2024_NEBRASKA_IOWA,DSWx,5000,0.5,257,True,129,114,0.883720930233,0.116279069767,0.791666666667,descending score then ascending unit coordinates
D5_2024_NEBRASKA_IOWA,MNDWI,5000,0.05,138,True,7,3,0.428571428571,0.571428571429,0.272727272727,descending score then ascending unit coordinates
D5_2024_NEBRASKA_IOWA,MNDWI,5000,0.1,138,True,14,9,0.642857142857,0.357142857143,0.473684210526,descending score then ascending unit coordinates
D5_2024_NEBRASKA_IOWA,MNDWI,5000,0.15,138,True,21,15,0.714285714286,0.285714285714,0.555555555556,descending score then ascending unit coordinates
D5_2024_NEBRASKA_IOWA,MNDWI,5000,0.2,138,True,28,19,0.678571428571,0.321428571429,0.513513513514,descending score then ascending unit coordinates
D5_2024_NEBRASKA_IOWA,MNDWI,5000,0.25,138,True,35,26,0.742857142857,0.257142857143,0.590909090909,descending score then ascending unit coordinates
D5_2024_NEBRASKA_IOWA,MNDWI,5000,0.3,138,True,42,32,0.761904761905,0.238095238095,0.615384615385,descending score then ascending unit coordinates
D5_2024_NEBRASKA_IOWA,MNDWI,5000,0.35,138,True,49,35,0.714285714286,0.285714285714,0.555555555556,descending score then ascending unit coordinates
D5_2024_NEBRASKA_IOWA,MNDWI,5000,0.4,138,True,56,40,0.714285714286,0.285714285714,0.555555555556,descending score then ascending unit coordinates
D5_2024_NEBRASKA_IOWA,MNDWI,5000,0.45,138,True,63,44,0.698412698413,0.301587301587,0.536585365854,descending score then ascending unit coordinates
D5_2024_NEBRASKA_IOWA,MNDWI,5000,0.5,138,True,69,47,0.68115942029,0.31884057971,0.516483516484,descending score then ascending unit coordinates
D5_2024_NEBRASKA_IOWA,AWEI,5000,0.05,92,True,5,2,0.4,0.6,0.25,descending score then ascending unit coordinates
D5_2024_NEBRASKA_IOWA,AWEI,5000,0.1,92,True,10,6,0.6,0.4,0.428571428571,descending score then ascending unit coordinates
D5_2024_NEBRASKA_IOWA,AWEI,5000,0.15,92,True,14,8,0.571428571429,0.428571428571,0.4,descending score then ascending unit coordinates
D5_2024_NEBRASKA_IOWA,AWEI,5000,0.2,92,True,19,11,0.578947368421,0.421052631579,0.407407407407,descending score then ascending unit coordinates
D5_2024_NEBRASKA_IOWA,AWEI,5000,0.25,92,True,23,14,0.608695652174,0.391304347826,0.4375,descending score then ascending unit coordinates
D5_2024_NEBRASKA_IOWA,AWEI,5000,0.3,92,True,28,14,0.5,0.5,0.333333333333,descending score then ascending unit coordinates
D5_2024_NEBRASKA_IOWA,AWEI,5000,0.35,92,True,33,21,0.636363636364,0.363636363636,0.466666666667,descending score then ascending unit coordinates
D5_2024_NEBRASKA_IOWA,AWEI,5000,0.4,92,True,37,25,0.675675675676,0.324324324324,0.510204081633,descending score then ascending unit coordinates
D5_2024_NEBRASKA_IOWA,AWEI,5000,0.45,92,True,42,30,0.714285714286,0.285714285714,0.555555555556,descending score then ascending unit coordinates
D5_2024_NEBRASKA_IOWA,AWEI,5000,0.5,92,True,46,34,0.739130434783,0.260869565217,0.586206896552,descending score then ascending unit coordinates
D5_2024_NEBRASKA_IOWA,DSWx,10000,0.05,86,True,5,4,0.8,0.2,0.666666666667,descending score then ascending unit coordinates
D5_2024_NEBRASKA_IOWA,DSWx,10000,0.1,86,True,9,8,0.888888888889,0.111111111111,0.8,descending score then ascending unit coordinates
D5_2024_NEBRASKA_IOWA,DSWx,10000,0.15,86,True,13,13,1,0,1,descending score then ascending unit coordinates
D5_2024_NEBRASKA_IOWA,DSWx,10000,0.2,86,True,18,18,1,0,1,descending score then ascending unit coordinates
D5_2024_NEBRASKA_IOWA,DSWx,10000,0.25,86,True,22,21,0.954545454545,0.0454545454545,0.913043478261,descending score then ascending unit coordinates
D5_2024_NEBRASKA_IOWA,DSWx,10000,0.3,86,True,26,26,1,0,1,descending score then ascending unit coordinates
D5_2024_NEBRASKA_IOWA,DSWx,10000,0.35,86,True,31,27,0.870967741935,0.129032258065,0.771428571429,descending score then ascending unit coordinates
D5_2024_NEBRASKA_IOWA,DSWx,10000,0.4,86,True,35,31,0.885714285714,0.114285714286,0.794871794872,descending score then ascending unit coordinates
D5_2024_NEBRASKA_IOWA,DSWx,10000,0.45,86,True,39,37,0.948717948718,0.0512820512821,0.90243902439,descending score then ascending unit coordinates
D5_2024_NEBRASKA_IOWA,DSWx,10000,0.5,86,True,43,40,0.93023255814,0.0697674418605,0.869565217391,descending score then ascending unit coordinates
D5_2024_NEBRASKA_IOWA,MNDWI,10000,0.05,67,True,4,2,0.5,0.5,0.333333333333,descending score then ascending unit coordinates
D5_2024_NEBRASKA_IOWA,MNDWI,10000,0.1,67,True,7,4,0.571428571429,0.428571428571,0.4,descending score then ascending unit coordinates
D5_2024_NEBRASKA_IOWA,MNDWI,10000,0.15,67,True,11,9,0.818181818182,0.181818181818,0.692307692308,descending score then ascending unit coordinates
D5_2024_NEBRASKA_IOWA,MNDWI,10000,0.2,67,True,14,10,0.714285714286,0.285714285714,0.555555555556,descending score then ascending unit coordinates
D5_2024_NEBRASKA_IOWA,MNDWI,10000,0.25,67,True,17,13,0.764705882353,0.235294117647,0.619047619048,descending score then ascending unit coordinates
D5_2024_NEBRASKA_IOWA,MNDWI,10000,0.3,67,True,21,16,0.761904761905,0.238095238095,0.615384615385,descending score then ascending unit coordinates
D5_2024_NEBRASKA_IOWA,MNDWI,10000,0.35,67,True,24,20,0.833333333333,0.166666666667,0.714285714286,descending score then ascending unit coordinates
D5_2024_NEBRASKA_IOWA,MNDWI,10000,0.4,67,True,27,20,0.740740740741,0.259259259259,0.588235294118,descending score then ascending unit coordinates
D5_2024_NEBRASKA_IOWA,MNDWI,10000,0.45,67,True,31,23,0.741935483871,0.258064516129,0.589743589744,descending score then ascending unit coordinates
D5_2024_NEBRASKA_IOWA,MNDWI,10000,0.5,67,True,34,24,0.705882352941,0.294117647059,0.545454545455,descending score then ascending unit coordinates
D5_2024_NEBRASKA_IOWA,AWEI,10000,0.05,51,True,3,1,0.333333333333,0.666666666667,0.2,descending score then ascending unit coordinates
D5_2024_NEBRASKA_IOWA,AWEI,10000,0.1,51,True,6,4,0.666666666667,0.333333333333,0.5,descending score then ascending unit coordinates
D5_2024_NEBRASKA_IOWA,AWEI,10000,0.15,51,True,8,6,0.75,0.25,0.6,descending score then ascending unit coordinates
D5_2024_NEBRASKA_IOWA,AWEI,10000,0.2,51,True,11,8,0.727272727273,0.272727272727,0.571428571429,descending score then ascending unit coordinates
D5_2024_NEBRASKA_IOWA,AWEI,10000,0.25,51,True,13,9,0.692307692308,0.307692307692,0.529411764706,descending score then ascending unit coordinates
D5_2024_NEBRASKA_IOWA,AWEI,10000,0.3,51,True,16,10,0.625,0.375,0.454545454545,descending score then ascending unit coordinates
D5_2024_NEBRASKA_IOWA,AWEI,10000,0.35,51,True,18,12,0.666666666667,0.333333333333,0.5,descending score then ascending unit coordinates
D5_2024_NEBRASKA_IOWA,AWEI,10000,0.4,51,True,21,14,0.666666666667,0.333333333333,0.5,descending score then ascending unit coordinates
D5_2024_NEBRASKA_IOWA,AWEI,10000,0.45,51,True,23,15,0.652173913043,0.347826086957,0.483870967742,descending score then ascending unit coordinates
D5_2024_NEBRASKA_IOWA,AWEI,10000,0.5,51,True,26,19,0.730769230769,0.269230769231,0.575757575758,descending score then ascending unit coordinates
D5_2024_NEBRASKA_IOWA,DSWx,20000,0.05,26,True,2,2,1,0,1,descending score then ascending unit coordinates
D5_2024_NEBRASKA_IOWA,DSWx,20000,0.1,26,True,3,3,1,0,1,descending score then ascending unit coordinates
D5_2024_NEBRASKA_IOWA,DSWx,20000,0.15,26,True,4,3,0.75,0.25,0.6,descending score then ascending unit coordinates
D5_2024_NEBRASKA_IOWA,DSWx,20000,0.2,26,True,6,6,1,0,1,descending score then ascending unit coordinates
D5_2024_NEBRASKA_IOWA,DSWx,20000,0.25,26,True,7,7,1,0,1,descending score then ascending unit coordinates
D5_2024_NEBRASKA_IOWA,DSWx,20000,0.3,26,True,8,8,1,0,1,descending score then ascending unit coordinates
D5_2024_NEBRASKA_IOWA,DSWx,20000,0.35,26,True,10,10,1,0,1,descending score then ascending unit coordinates
D5_2024_NEBRASKA_IOWA,DSWx,20000,0.4,26,True,11,11,1,0,1,descending score then ascending unit coordinates
D5_2024_NEBRASKA_IOWA,DSWx,20000,0.45,26,True,12,12,1,0,1,descending score then ascending unit coordinates
D5_2024_NEBRASKA_IOWA,DSWx,20000,0.5,26,True,13,13,1,0,1,descending score then ascending unit coordinates
D5_2024_NEBRASKA_IOWA,MNDWI,20000,0.05,23,True,2,2,1,0,1,descending score then ascending unit coordinates
D5_2024_NEBRASKA_IOWA,MNDWI,20000,0.1,23,True,3,2,0.666666666667,0.333333333333,0.5,descending score then ascending unit coordinates
D5_2024_NEBRASKA_IOWA,MNDWI,20000,0.15,23,True,4,3,0.75,0.25,0.6,descending score then ascending unit coordinates
D5_2024_NEBRASKA_IOWA,MNDWI,20000,0.2,23,True,5,5,1,0,1,descending score then ascending unit coordinates
D5_2024_NEBRASKA_IOWA,MNDWI,20000,0.25,23,True,6,6,1,0,1,descending score then ascending unit coordinates
D5_2024_NEBRASKA_IOWA,MNDWI,20000,0.3,23,True,7,7,1,0,1,descending score then ascending unit coordinates
D5_2024_NEBRASKA_IOWA,MNDWI,20000,0.35,23,True,9,8,0.888888888889,0.111111111111,0.8,descending score then ascending unit coordinates
D5_2024_NEBRASKA_IOWA,MNDWI,20000,0.4,23,True,10,9,0.9,0.1,0.818181818182,descending score then ascending unit coordinates
D5_2024_NEBRASKA_IOWA,MNDWI,20000,0.45,23,True,11,10,0.909090909091,0.0909090909091,0.833333333333,descending score then ascending unit coordinates
D5_2024_NEBRASKA_IOWA,MNDWI,20000,0.5,23,True,12,11,0.916666666667,0.0833333333333,0.846153846154,descending score then ascending unit coordinates
D5_2024_NEBRASKA_IOWA,AWEI,20000,0.05,21,True,2,2,1,0,1,descending score then ascending unit coordinates
D5_2024_NEBRASKA_IOWA,AWEI,20000,0.1,21,True,3,2,0.666666666667,0.333333333333,0.5,descending score then ascending unit coordinates
D5_2024_NEBRASKA_IOWA,AWEI,20000,0.15,21,True,4,2,0.5,0.5,0.333333333333,descending score then ascending unit coordinates
D5_2024_NEBRASKA_IOWA,AWEI,20000,0.2,21,True,5,3,0.6,0.4,0.428571428571,descending score then ascending unit coordinates
D5_2024_NEBRASKA_IOWA,AWEI,20000,0.25,21,True,6,5,0.833333333333,0.166666666667,0.714285714286,descending score then ascending unit coordinates
D5_2024_NEBRASKA_IOWA,AWEI,20000,0.3,21,True,7,6,0.857142857143,0.142857142857,0.75,descending score then ascending unit coordinates
D5_2024_NEBRASKA_IOWA,AWEI,20000,0.35,21,True,8,7,0.875,0.125,0.777777777778,descending score then ascending unit coordinates
D5_2024_NEBRASKA_IOWA,AWEI,20000,0.4,21,True,9,7,0.777777777778,0.222222222222,0.636363636364,descending score then ascending unit coordinates
D5_2024_NEBRASKA_IOWA,AWEI,20000,0.45,21,True,10,8,0.8,0.2,0.666666666667,descending score then ascending unit coordinates
D5_2024_NEBRASKA_IOWA,AWEI,20000,0.5,21,True,11,9,0.818181818182,0.181818181818,0.692307692308,descending score then ascending unit coordinates
D5_2024_NEBRASKA_IOWA,DSWx,30000,0.05,14,True,1,1,1,0,1,descending score then ascending unit coordinates
D5_2024_NEBRASKA_IOWA,DSWx,30000,0.1,14,True,2,1,0.5,0.5,0.333333333333,descending score then ascending unit coordinates
D5_2024_NEBRASKA_IOWA,DSWx,30000,0.15,14,True,3,3,1,0,1,descending score then ascending unit coordinates
D5_2024_NEBRASKA_IOWA,DSWx,30000,0.2,14,True,3,3,1,0,1,descending score then ascending unit coordinates
D5_2024_NEBRASKA_IOWA,DSWx,30000,0.25,14,True,4,4,1,0,1,descending score then ascending unit coordinates
D5_2024_NEBRASKA_IOWA,DSWx,30000,0.3,14,True,5,4,0.8,0.2,0.666666666667,descending score then ascending unit coordinates
D5_2024_NEBRASKA_IOWA,DSWx,30000,0.35,14,True,5,4,0.8,0.2,0.666666666667,descending score then ascending unit coordinates
D5_2024_NEBRASKA_IOWA,DSWx,30000,0.4,14,True,6,6,1,0,1,descending score then ascending unit coordinates
D5_2024_NEBRASKA_IOWA,DSWx,30000,0.45,14,True,7,7,1,0,1,descending score then ascending unit coordinates
D5_2024_NEBRASKA_IOWA,DSWx,30000,0.5,14,True,7,7,1,0,1,descending score then ascending unit coordinates
D5_2024_NEBRASKA_IOWA,MNDWI,30000,0.05,14,True,1,1,1,0,1,descending score then ascending unit coordinates
D5_2024_NEBRASKA_IOWA,MNDWI,30000,0.1,14,True,2,2,1,0,1,descending score then ascending unit coordinates
D5_2024_NEBRASKA_IOWA,MNDWI,30000,0.15,14,True,3,3,1,0,1,descending score then ascending unit coordinates
D5_2024_NEBRASKA_IOWA,MNDWI,30000,0.2,14,True,3,3,1,0,1,descending score then ascending unit coordinates
D5_2024_NEBRASKA_IOWA,MNDWI,30000,0.25,14,True,4,4,1,0,1,descending score then ascending unit coordinates
D5_2024_NEBRASKA_IOWA,MNDWI,30000,0.3,14,True,5,4,0.8,0.2,0.666666666667,descending score then ascending unit coordinates
D5_2024_NEBRASKA_IOWA,MNDWI,30000,0.35,14,True,5,4,0.8,0.2,0.666666666667,descending score then ascending unit coordinates
D5_2024_NEBRASKA_IOWA,MNDWI,30000,0.4,14,True,6,6,1,0,1,descending score then ascending unit coordinates
D5_2024_NEBRASKA_IOWA,MNDWI,30000,0.45,14,True,7,6,0.857142857143,0.142857142857,0.75,descending score then ascending unit coordinates
D5_2024_NEBRASKA_IOWA,MNDWI,30000,0.5,14,True,7,6,0.857142857143,0.142857142857,0.75,descending score then ascending unit coordinates
D5_2024_NEBRASKA_IOWA,AWEI,30000,0.05,14,True,1,1,1,0,1,descending score then ascending unit coordinates
D5_2024_NEBRASKA_IOWA,AWEI,30000,0.1,14,True,2,1,0.5,0.5,0.333333333333,descending score then ascending unit coordinates
D5_2024_NEBRASKA_IOWA,AWEI,30000,0.15,14,True,3,2,0.666666666667,0.333333333333,0.5,descending score then ascending unit coordinates
D5_2024_NEBRASKA_IOWA,AWEI,30000,0.2,14,True,3,2,0.666666666667,0.333333333333,0.5,descending score then ascending unit coordinates
D5_2024_NEBRASKA_IOWA,AWEI,30000,0.25,14,True,4,3,0.75,0.25,0.6,descending score then ascending unit coordinates
D5_2024_NEBRASKA_IOWA,AWEI,30000,0.3,14,True,5,4,0.8,0.2,0.666666666667,descending score then ascending unit coordinates
D5_2024_NEBRASKA_IOWA,AWEI,30000,0.35,14,True,5,4,0.8,0.2,0.666666666667,descending score then ascending unit coordinates
D5_2024_NEBRASKA_IOWA,AWEI,30000,0.4,14,True,6,6,1,0,1,descending score then ascending unit coordinates
D5_2024_NEBRASKA_IOWA,AWEI,30000,0.45,14,True,7,7,1,0,1,descending score then ascending unit coordinates
D5_2024_NEBRASKA_IOWA,AWEI,30000,0.5,14,True,7,7,1,0,1,descending score then ascending unit coordinates
N2023_179508_MINNESOTA,DSWx,500,0.05,3646,True,183,165,0.901639344262,0.0983606557377,0.820895522388,descending score then ascending unit coordinates
N2023_179508_MINNESOTA,DSWx,500,0.1,3646,True,365,327,0.895890410959,0.104109589041,0.81141439206,descending score then ascending unit coordinates
N2023_179508_MINNESOTA,DSWx,500,0.15,3646,True,547,498,0.91042047532,0.0895795246801,0.835570469799,descending score then ascending unit coordinates
N2023_179508_MINNESOTA,DSWx,500,0.2,3646,True,730,659,0.902739726027,0.0972602739726,0.822721598002,descending score then ascending unit coordinates
N2023_179508_MINNESOTA,DSWx,500,0.25,3646,True,912,835,0.915570175439,0.0844298245614,0.844287158746,descending score then ascending unit coordinates
N2023_179508_MINNESOTA,DSWx,500,0.3,3646,True,1094,1005,0.918647166362,0.081352833638,0.849535080304,descending score then ascending unit coordinates
N2023_179508_MINNESOTA,DSWx,500,0.35,3646,True,1277,1160,0.908379013312,0.0916209866875,0.832137733142,descending score then ascending unit coordinates
N2023_179508_MINNESOTA,DSWx,500,0.4,3646,True,1459,1334,0.914324880055,0.0856751199452,0.842171717172,descending score then ascending unit coordinates
N2023_179508_MINNESOTA,DSWx,500,0.45,3646,True,1641,1503,0.915904936015,0.0840950639854,0.844856661046,descending score then ascending unit coordinates
N2023_179508_MINNESOTA,DSWx,500,0.5,3646,True,1823,1667,0.914426769062,0.085573230938,0.842344618494,descending score then ascending unit coordinates
N2023_179508_MINNESOTA,MNDWI,500,0.05,2098,True,105,75,0.714285714286,0.285714285714,0.555555555556,descending score then ascending unit coordinates
N2023_179508_MINNESOTA,MNDWI,500,0.1,2098,True,210,152,0.72380952381,0.27619047619,0.567164179104,descending score then ascending unit coordinates
N2023_179508_MINNESOTA,MNDWI,500,0.15,2098,True,315,229,0.726984126984,0.273015873016,0.571072319202,descending score then ascending unit coordinates
N2023_179508_MINNESOTA,MNDWI,500,0.2,2098,True,420,303,0.721428571429,0.278571428571,0.564245810056,descending score then ascending unit coordinates
N2023_179508_MINNESOTA,MNDWI,500,0.25,2098,True,525,383,0.729523809524,0.270476190476,0.574212893553,descending score then ascending unit coordinates
N2023_179508_MINNESOTA,MNDWI,500,0.3,2098,True,630,462,0.733333333333,0.266666666667,0.578947368421,descending score then ascending unit coordinates
N2023_179508_MINNESOTA,MNDWI,500,0.35,2098,True,735,532,0.72380952381,0.27619047619,0.567164179104,descending score then ascending unit coordinates
N2023_179508_MINNESOTA,MNDWI,500,0.4,2098,True,840,613,0.729761904762,0.270238095238,0.574507966261,descending score then ascending unit coordinates
N2023_179508_MINNESOTA,MNDWI,500,0.45,2098,True,945,667,0.70582010582,0.29417989418,0.545380212592,descending score then ascending unit coordinates
N2023_179508_MINNESOTA,MNDWI,500,0.5,2098,True,1049,747,0.712106768351,0.287893231649,0.552923760178,descending score then ascending unit coordinates
N2023_179508_MINNESOTA,AWEI,500,0.05,1560,True,78,34,0.435897435897,0.564102564103,0.27868852459,descending score then ascending unit coordinates
N2023_179508_MINNESOTA,AWEI,500,0.1,1560,True,156,57,0.365384615385,0.634615384615,0.223529411765,descending score then ascending unit coordinates
N2023_179508_MINNESOTA,AWEI,500,0.15,1560,True,234,72,0.307692307692,0.692307692308,0.181818181818,descending score then ascending unit coordinates
N2023_179508_MINNESOTA,AWEI,500,0.2,1560,True,312,85,0.272435897436,0.727564102564,0.157699443414,descending score then ascending unit coordinates
N2023_179508_MINNESOTA,AWEI,500,0.25,1560,True,390,106,0.271794871795,0.728205128205,0.157270029674,descending score then ascending unit coordinates
N2023_179508_MINNESOTA,AWEI,500,0.3,1560,True,468,136,0.290598290598,0.709401709402,0.17,descending score then ascending unit coordinates
N2023_179508_MINNESOTA,AWEI,500,0.35,1560,True,546,167,0.305860805861,0.694139194139,0.180540540541,descending score then ascending unit coordinates
N2023_179508_MINNESOTA,AWEI,500,0.4,1560,True,624,204,0.326923076923,0.673076923077,0.195402298851,descending score then ascending unit coordinates
N2023_179508_MINNESOTA,AWEI,500,0.45,1560,True,702,255,0.363247863248,0.636752136752,0.221932114883,descending score then ascending unit coordinates
N2023_179508_MINNESOTA,AWEI,500,0.5,1560,True,780,327,0.419230769231,0.580769230769,0.265206812652,descending score then ascending unit coordinates
N2023_179508_MINNESOTA,DSWx,1000,0.05,2058,True,103,95,0.922330097087,0.0776699029126,0.855855855856,descending score then ascending unit coordinates
N2023_179508_MINNESOTA,DSWx,1000,0.1,2058,True,206,188,0.912621359223,0.0873786407767,0.839285714286,descending score then ascending unit coordinates
N2023_179508_MINNESOTA,DSWx,1000,0.15,2058,True,309,285,0.922330097087,0.0776699029126,0.855855855856,descending score then ascending unit coordinates
N2023_179508_MINNESOTA,DSWx,1000,0.2,2058,True,412,381,0.924757281553,0.0752427184466,0.860045146727,descending score then ascending unit coordinates
N2023_179508_MINNESOTA,DSWx,1000,0.25,2058,True,515,475,0.922330097087,0.0776699029126,0.855855855856,descending score then ascending unit coordinates
N2023_179508_MINNESOTA,DSWx,1000,0.3,2058,True,618,574,0.928802588997,0.0711974110032,0.867069486405,descending score then ascending unit coordinates
N2023_179508_MINNESOTA,DSWx,1000,0.35,2058,True,721,669,0.927877947295,0.0721220527046,0.865459249677,descending score then ascending unit coordinates
N2023_179508_MINNESOTA,DSWx,1000,0.4,2058,True,824,752,0.912621359223,0.0873786407767,0.839285714286,descending score then ascending unit coordinates
N2023_179508_MINNESOTA,DSWx,1000,0.45,2058,True,927,840,0.906148867314,0.0938511326861,0.828402366864,descending score then ascending unit coordinates
N2023_179508_MINNESOTA,DSWx,1000,0.5,2058,True,1029,942,0.915451895044,0.0845481049563,0.844086021505,descending score then ascending unit coordinates
N2023_179508_MINNESOTA,MNDWI,1000,0.05,1334,True,67,47,0.701492537313,0.298507462687,0.540229885057,descending score then ascending unit coordinates
N2023_179508_MINNESOTA,MNDWI,1000,0.1,1334,True,134,103,0.768656716418,0.231343283582,0.624242424242,descending score then ascending unit coordinates
N2023_179508_MINNESOTA,MNDWI,1000,0.15,1334,True,201,149,0.741293532338,0.258706467662,0.588932806324,descending score then ascending unit coordinates
N2023_179508_MINNESOTA,MNDWI,1000,0.2,1334,True,267,209,0.782771535581,0.217228464419,0.643076923077,descending score then ascending unit coordinates
N2023_179508_MINNESOTA,MNDWI,1000,0.25,1334,True,334,255,0.763473053892,0.236526946108,0.617433414044,descending score then ascending unit coordinates
N2023_179508_MINNESOTA,MNDWI,1000,0.3,1334,True,401,302,0.753117206983,0.246882793017,0.604,descending score then ascending unit coordinates
N2023_179508_MINNESOTA,MNDWI,1000,0.35,1334,True,467,349,0.747323340471,0.252676659529,0.596581196581,descending score then ascending unit coordinates
N2023_179508_MINNESOTA,MNDWI,1000,0.4,1334,True,534,399,0.747191011236,0.252808988764,0.596412556054,descending score then ascending unit coordinates
N2023_179508_MINNESOTA,MNDWI,1000,0.45,1334,True,601,443,0.737104825291,0.262895174709,0.583662714097,descending score then ascending unit coordinates
N2023_179508_MINNESOTA,MNDWI,1000,0.5,1334,True,667,490,0.734632683658,0.265367316342,0.580568720379,descending score then ascending unit coordinates
N2023_179508_MINNESOTA,AWEI,1000,0.05,1027,True,52,19,0.365384615385,0.634615384615,0.223529411765,descending score then ascending unit coordinates
N2023_179508_MINNESOTA,AWEI,1000,0.1,1027,True,103,40,0.388349514563,0.611650485437,0.240963855422,descending score then ascending unit coordinates
N2023_179508_MINNESOTA,AWEI,1000,0.15,1027,True,155,63,0.406451612903,0.593548387097,0.255060728745,descending score then ascending unit coordinates
N2023_179508_MINNESOTA,AWEI,1000,0.2,1027,True,206,74,0.359223300971,0.640776699029,0.218934911243,descending score then ascending unit coordinates
N2023_179508_MINNESOTA,AWEI,1000,0.25,1027,True,257,89,0.346303501946,0.653696498054,0.209411764706,descending score then ascending unit coordinates
N2023_179508_MINNESOTA,AWEI,1000,0.3,1027,True,309,109,0.352750809061,0.647249190939,0.214145383104,descending score then ascending unit coordinates
N2023_179508_MINNESOTA,AWEI,1000,0.35,1027,True,360,130,0.361111111111,0.638888888889,0.220338983051,descending score then ascending unit coordinates
N2023_179508_MINNESOTA,AWEI,1000,0.4,1027,True,411,161,0.391727493917,0.608272506083,0.243570347958,descending score then ascending unit coordinates
N2023_179508_MINNESOTA,AWEI,1000,0.45,1027,True,463,197,0.425485961123,0.574514038877,0.270233196159,descending score then ascending unit coordinates
N2023_179508_MINNESOTA,AWEI,1000,0.5,1027,True,514,231,0.449416342412,0.550583657588,0.289836888331,descending score then ascending unit coordinates
N2023_179508_MINNESOTA,DSWx,2000,0.05,852,True,43,40,0.93023255814,0.0697674418605,0.869565217391,descending score then ascending unit coordinates
N2023_179508_MINNESOTA,DSWx,2000,0.1,852,True,86,80,0.93023255814,0.0697674418605,0.869565217391,descending score then ascending unit coordinates
N2023_179508_MINNESOTA,DSWx,2000,0.15,852,True,128,123,0.9609375,0.0390625,0.924812030075,descending score then ascending unit coordinates
N2023_179508_MINNESOTA,DSWx,2000,0.2,852,True,171,164,0.959064327485,0.0409356725146,0.921348314607,descending score then ascending unit coordinates
N2023_179508_MINNESOTA,DSWx,2000,0.25,852,True,213,205,0.962441314554,0.037558685446,0.927601809955,descending score then ascending unit coordinates
N2023_179508_MINNESOTA,DSWx,2000,0.3,852,True,256,235,0.91796875,0.08203125,0.848375451264,descending score then ascending unit coordinates
N2023_179508_MINNESOTA,DSWx,2000,0.35,852,True,299,276,0.923076923077,0.0769230769231,0.857142857143,descending score then ascending unit coordinates
N2023_179508_MINNESOTA,DSWx,2000,0.4,852,True,341,314,0.92082111437,0.0791788856305,0.853260869565,descending score then ascending unit coordinates
N2023_179508_MINNESOTA,DSWx,2000,0.45,852,True,384,354,0.921875,0.078125,0.855072463768,descending score then ascending unit coordinates
N2023_179508_MINNESOTA,DSWx,2000,0.5,852,True,426,382,0.896713615023,0.103286384977,0.812765957447,descending score then ascending unit coordinates
N2023_179508_MINNESOTA,MNDWI,2000,0.05,662,True,34,26,0.764705882353,0.235294117647,0.619047619048,descending score then ascending unit coordinates
N2023_179508_MINNESOTA,MNDWI,2000,0.1,662,True,67,53,0.791044776119,0.208955223881,0.654320987654,descending score then ascending unit coordinates
N2023_179508_MINNESOTA,MNDWI,2000,0.15,662,True,100,83,0.83,0.17,0.709401709402,descending score then ascending unit coordinates
N2023_179508_MINNESOTA,MNDWI,2000,0.2,662,True,133,103,0.774436090226,0.225563909774,0.631901840491,descending score then ascending unit coordinates
N2023_179508_MINNESOTA,MNDWI,2000,0.25,662,True,166,128,0.771084337349,0.228915662651,0.627450980392,descending score then ascending unit coordinates
N2023_179508_MINNESOTA,MNDWI,2000,0.3,662,True,199,151,0.758793969849,0.241206030151,0.611336032389,descending score then ascending unit coordinates
N2023_179508_MINNESOTA,MNDWI,2000,0.35,662,True,232,175,0.754310344828,0.245689655172,0.60553633218,descending score then ascending unit coordinates
N2023_179508_MINNESOTA,MNDWI,2000,0.4,662,True,265,198,0.747169811321,0.252830188679,0.596385542169,descending score then ascending unit coordinates
N2023_179508_MINNESOTA,MNDWI,2000,0.45,662,True,298,218,0.731543624161,0.268456375839,0.57671957672,descending score then ascending unit coordinates
N2023_179508_MINNESOTA,MNDWI,2000,0.5,662,True,331,242,0.731117824773,0.268882175227,0.57619047619,descending score then ascending unit coordinates
N2023_179508_MINNESOTA,AWEI,2000,0.05,545,True,28,10,0.357142857143,0.642857142857,0.217391304348,descending score then ascending unit coordinates
N2023_179508_MINNESOTA,AWEI,2000,0.1,545,True,55,21,0.381818181818,0.618181818182,0.23595505618,descending score then ascending unit coordinates
N2023_179508_MINNESOTA,AWEI,2000,0.15,545,True,82,37,0.451219512195,0.548780487805,0.291338582677,descending score then ascending unit coordinates
N2023_179508_MINNESOTA,AWEI,2000,0.2,545,True,109,51,0.467889908257,0.532110091743,0.305389221557,descending score then ascending unit coordinates
N2023_179508_MINNESOTA,AWEI,2000,0.25,545,True,137,59,0.430656934307,0.569343065693,0.274418604651,descending score then ascending unit coordinates
N2023_179508_MINNESOTA,AWEI,2000,0.3,545,True,164,69,0.420731707317,0.579268292683,0.266409266409,descending score then ascending unit coordinates
N2023_179508_MINNESOTA,AWEI,2000,0.35,545,True,191,84,0.439790575916,0.560209424084,0.281879194631,descending score then ascending unit coordinates
N2023_179508_MINNESOTA,AWEI,2000,0.4,545,True,218,99,0.454128440367,0.545871559633,0.293768545994,descending score then ascending unit coordinates
N2023_179508_MINNESOTA,AWEI,2000,0.45,545,True,246,117,0.475609756098,0.524390243902,0.312,descending score then ascending unit coordinates
N2023_179508_MINNESOTA,AWEI,2000,0.5,545,True,273,138,0.505494505495,0.494505494505,0.338235294118,descending score then ascending unit coordinates
N2023_179508_MINNESOTA,DSWx,5000,0.05,172,True,9,8,0.888888888889,0.111111111111,0.8,descending score then ascending unit coordinates
N2023_179508_MINNESOTA,DSWx,5000,0.1,172,True,18,17,0.944444444444,0.0555555555556,0.894736842105,descending score then ascending unit coordinates
N2023_179508_MINNESOTA,DSWx,5000,0.15,172,True,26,25,0.961538461538,0.0384615384615,0.925925925926,descending score then ascending unit coordinates
N2023_179508_MINNESOTA,DSWx,5000,0.2,172,True,35,34,0.971428571429,0.0285714285714,0.944444444444,descending score then ascending unit coordinates
N2023_179508_MINNESOTA,DSWx,5000,0.25,172,True,43,41,0.953488372093,0.046511627907,0.911111111111,descending score then ascending unit coordinates
N2023_179508_MINNESOTA,DSWx,5000,0.3,172,True,52,50,0.961538461538,0.0384615384615,0.925925925926,descending score then ascending unit coordinates
N2023_179508_MINNESOTA,DSWx,5000,0.35,172,True,61,57,0.934426229508,0.0655737704918,0.876923076923,descending score then ascending unit coordinates
N2023_179508_MINNESOTA,DSWx,5000,0.4,172,True,69,63,0.913043478261,0.0869565217391,0.84,descending score then ascending unit coordinates
N2023_179508_MINNESOTA,DSWx,5000,0.45,172,True,78,71,0.910256410256,0.0897435897436,0.835294117647,descending score then ascending unit coordinates
N2023_179508_MINNESOTA,DSWx,5000,0.5,172,True,86,77,0.895348837209,0.104651162791,0.810526315789,descending score then ascending unit coordinates
N2023_179508_MINNESOTA,MNDWI,5000,0.05,169,True,9,7,0.777777777778,0.222222222222,0.636363636364,descending score then ascending unit coordinates
N2023_179508_MINNESOTA,MNDWI,5000,0.1,169,True,17,16,0.941176470588,0.0588235294118,0.888888888889,descending score then ascending unit coordinates
N2023_179508_MINNESOTA,MNDWI,5000,0.15,169,True,26,23,0.884615384615,0.115384615385,0.793103448276,descending score then ascending unit coordinates
N2023_179508_MINNESOTA,MNDWI,5000,0.2,169,True,34,31,0.911764705882,0.0882352941176,0.837837837838,descending score then ascending unit coordinates
N2023_179508_MINNESOTA,MNDWI,5000,0.25,169,True,43,32,0.744186046512,0.255813953488,0.592592592593,descending score then ascending unit coordinates
N2023_179508_MINNESOTA,MNDWI,5000,0.3,169,True,51,40,0.78431372549,0.21568627451,0.645161290323,descending score then ascending unit coordinates
N2023_179508_MINNESOTA,MNDWI,5000,0.35,169,True,60,45,0.75,0.25,0.6,descending score then ascending unit coordinates
N2023_179508_MINNESOTA,MNDWI,5000,0.4,169,True,68,51,0.75,0.25,0.6,descending score then ascending unit coordinates
N2023_179508_MINNESOTA,MNDWI,5000,0.45,169,True,77,55,0.714285714286,0.285714285714,0.555555555556,descending score then ascending unit coordinates
N2023_179508_MINNESOTA,MNDWI,5000,0.5,169,True,85,64,0.752941176471,0.247058823529,0.603773584906,descending score then ascending unit coordinates
N2023_179508_MINNESOTA,AWEI,5000,0.05,159,True,8,2,0.25,0.75,0.142857142857,descending score then ascending unit coordinates
N2023_179508_MINNESOTA,AWEI,5000,0.1,159,True,16,6,0.375,0.625,0.230769230769,descending score then ascending unit coordinates
N2023_179508_MINNESOTA,AWEI,5000,0.15,159,True,24,14,0.583333333333,0.416666666667,0.411764705882,descending score then ascending unit coordinates
N2023_179508_MINNESOTA,AWEI,5000,0.2,159,True,32,20,0.625,0.375,0.454545454545,descending score then ascending unit coordinates
N2023_179508_MINNESOTA,AWEI,5000,0.25,159,True,40,27,0.675,0.325,0.509433962264,descending score then ascending unit coordinates
N2023_179508_MINNESOTA,AWEI,5000,0.3,159,True,48,34,0.708333333333,0.291666666667,0.548387096774,descending score then ascending unit coordinates
N2023_179508_MINNESOTA,AWEI,5000,0.35,159,True,56,39,0.696428571429,0.303571428571,0.534246575342,descending score then ascending unit coordinates
N2023_179508_MINNESOTA,AWEI,5000,0.4,159,True,64,42,0.65625,0.34375,0.488372093023,descending score then ascending unit coordinates
N2023_179508_MINNESOTA,AWEI,5000,0.45,159,True,72,44,0.611111111111,0.388888888889,0.44,descending score then ascending unit coordinates
N2023_179508_MINNESOTA,AWEI,5000,0.5,159,True,80,48,0.6,0.4,0.428571428571,descending score then ascending unit coordinates
N2023_179508_MINNESOTA,DSWx,10000,0.05,57,True,3,2,0.666666666667,0.333333333333,0.5,descending score then ascending unit coordinates
N2023_179508_MINNESOTA,DSWx,10000,0.1,57,True,6,5,0.833333333333,0.166666666667,0.714285714286,descending score then ascending unit coordinates
N2023_179508_MINNESOTA,DSWx,10000,0.15,57,True,9,9,1,0,1,descending score then ascending unit coordinates
N2023_179508_MINNESOTA,DSWx,10000,0.2,57,True,12,12,1,0,1,descending score then ascending unit coordinates
N2023_179508_MINNESOTA,DSWx,10000,0.25,57,True,15,13,0.866666666667,0.133333333333,0.764705882353,descending score then ascending unit coordinates
N2023_179508_MINNESOTA,DSWx,10000,0.3,57,True,18,18,1,0,1,descending score then ascending unit coordinates
N2023_179508_MINNESOTA,DSWx,10000,0.35,57,True,20,20,1,0,1,descending score then ascending unit coordinates
N2023_179508_MINNESOTA,DSWx,10000,0.4,57,True,23,22,0.95652173913,0.0434782608696,0.916666666667,descending score then ascending unit coordinates
N2023_179508_MINNESOTA,DSWx,10000,0.45,57,True,26,24,0.923076923077,0.0769230769231,0.857142857143,descending score then ascending unit coordinates
N2023_179508_MINNESOTA,DSWx,10000,0.5,57,True,29,27,0.931034482759,0.0689655172414,0.870967741935,descending score then ascending unit coordinates
N2023_179508_MINNESOTA,MNDWI,10000,0.05,56,True,3,1,0.333333333333,0.666666666667,0.2,descending score then ascending unit coordinates
N2023_179508_MINNESOTA,MNDWI,10000,0.1,56,True,6,5,0.833333333333,0.166666666667,0.714285714286,descending score then ascending unit coordinates
N2023_179508_MINNESOTA,MNDWI,10000,0.15,56,True,9,8,0.888888888889,0.111111111111,0.8,descending score then ascending unit coordinates
N2023_179508_MINNESOTA,MNDWI,10000,0.2,56,True,12,11,0.916666666667,0.0833333333333,0.846153846154,descending score then ascending unit coordinates
N2023_179508_MINNESOTA,MNDWI,10000,0.25,56,True,14,12,0.857142857143,0.142857142857,0.75,descending score then ascending unit coordinates
N2023_179508_MINNESOTA,MNDWI,10000,0.3,56,True,17,13,0.764705882353,0.235294117647,0.619047619048,descending score then ascending unit coordinates
N2023_179508_MINNESOTA,MNDWI,10000,0.35,56,True,20,16,0.8,0.2,0.666666666667,descending score then ascending unit coordinates
N2023_179508_MINNESOTA,MNDWI,10000,0.4,56,True,23,16,0.695652173913,0.304347826087,0.533333333333,descending score then ascending unit coordinates
N2023_179508_MINNESOTA,MNDWI,10000,0.45,56,True,26,18,0.692307692308,0.307692307692,0.529411764706,descending score then ascending unit coordinates
N2023_179508_MINNESOTA,MNDWI,10000,0.5,56,True,28,20,0.714285714286,0.285714285714,0.555555555556,descending score then ascending unit coordinates
N2023_179508_MINNESOTA,AWEI,10000,0.05,55,True,3,1,0.333333333333,0.666666666667,0.2,descending score then ascending unit coordinates
N2023_179508_MINNESOTA,AWEI,10000,0.1,55,True,6,2,0.333333333333,0.666666666667,0.2,descending score then ascending unit coordinates
N2023_179508_MINNESOTA,AWEI,10000,0.15,55,True,9,5,0.555555555556,0.444444444444,0.384615384615,descending score then ascending unit coordinates
N2023_179508_MINNESOTA,AWEI,10000,0.2,55,True,11,8,0.727272727273,0.272727272727,0.571428571429,descending score then ascending unit coordinates
N2023_179508_MINNESOTA,AWEI,10000,0.25,55,True,14,12,0.857142857143,0.142857142857,0.75,descending score then ascending unit coordinates
N2023_179508_MINNESOTA,AWEI,10000,0.3,55,True,17,14,0.823529411765,0.176470588235,0.7,descending score then ascending unit coordinates
N2023_179508_MINNESOTA,AWEI,10000,0.35,55,True,20,15,0.75,0.25,0.6,descending score then ascending unit coordinates
N2023_179508_MINNESOTA,AWEI,10000,0.4,55,True,22,15,0.681818181818,0.318181818182,0.51724137931,descending score then ascending unit coordinates
N2023_179508_MINNESOTA,AWEI,10000,0.45,55,True,25,18,0.72,0.28,0.5625,descending score then ascending unit coordinates
N2023_179508_MINNESOTA,AWEI,10000,0.5,55,True,28,20,0.714285714286,0.285714285714,0.555555555556,descending score then ascending unit coordinates
N2023_179508_MINNESOTA,DSWx,20000,0.05,20,True,1,1,1,0,1,descending score then ascending unit coordinates
N2023_179508_MINNESOTA,DSWx,20000,0.1,20,True,2,2,1,0,1,descending score then ascending unit coordinates
N2023_179508_MINNESOTA,DSWx,20000,0.15,20,True,3,3,1,0,1,descending score then ascending unit coordinates
N2023_179508_MINNESOTA,DSWx,20000,0.2,20,True,4,4,1,0,1,descending score then ascending unit coordinates
N2023_179508_MINNESOTA,DSWx,20000,0.25,20,True,5,4,0.8,0.2,0.666666666667,descending score then ascending unit coordinates
N2023_179508_MINNESOTA,DSWx,20000,0.3,20,True,6,5,0.833333333333,0.166666666667,0.714285714286,descending score then ascending unit coordinates
N2023_179508_MINNESOTA,DSWx,20000,0.35,20,True,7,7,1,0,1,descending score then ascending unit coordinates
N2023_179508_MINNESOTA,DSWx,20000,0.4,20,True,8,8,1,0,1,descending score then ascending unit coordinates
N2023_179508_MINNESOTA,DSWx,20000,0.45,20,True,9,8,0.888888888889,0.111111111111,0.8,descending score then ascending unit coordinates
N2023_179508_MINNESOTA,DSWx,20000,0.5,20,True,10,9,0.9,0.1,0.818181818182,descending score then ascending unit coordinates
N2023_179508_MINNESOTA,MNDWI,20000,0.05,19,True,1,1,1,0,1,descending score then ascending unit coordinates
N2023_179508_MINNESOTA,MNDWI,20000,0.1,19,True,2,2,1,0,1,descending score then ascending unit coordinates
N2023_179508_MINNESOTA,MNDWI,20000,0.15,19,True,3,3,1,0,1,descending score then ascending unit coordinates
N2023_179508_MINNESOTA,MNDWI,20000,0.2,19,True,4,4,1,0,1,descending score then ascending unit coordinates
N2023_179508_MINNESOTA,MNDWI,20000,0.25,19,True,5,5,1,0,1,descending score then ascending unit coordinates
N2023_179508_MINNESOTA,MNDWI,20000,0.3,19,True,6,5,0.833333333333,0.166666666667,0.714285714286,descending score then ascending unit coordinates
N2023_179508_MINNESOTA,MNDWI,20000,0.35,19,True,7,6,0.857142857143,0.142857142857,0.75,descending score then ascending unit coordinates
N2023_179508_MINNESOTA,MNDWI,20000,0.4,19,True,8,6,0.75,0.25,0.6,descending score then ascending unit coordinates
N2023_179508_MINNESOTA,MNDWI,20000,0.45,19,True,9,7,0.777777777778,0.222222222222,0.636363636364,descending score then ascending unit coordinates
N2023_179508_MINNESOTA,MNDWI,20000,0.5,19,True,10,8,0.8,0.2,0.666666666667,descending score then ascending unit coordinates
N2023_179508_MINNESOTA,AWEI,20000,0.05,19,True,1,0,0,1,0,descending score then ascending unit coordinates
N2023_179508_MINNESOTA,AWEI,20000,0.1,19,True,2,1,0.5,0.5,0.333333333333,descending score then ascending unit coordinates
N2023_179508_MINNESOTA,AWEI,20000,0.15,19,True,3,2,0.666666666667,0.333333333333,0.5,descending score then ascending unit coordinates
N2023_179508_MINNESOTA,AWEI,20000,0.2,19,True,4,3,0.75,0.25,0.6,descending score then ascending unit coordinates
N2023_179508_MINNESOTA,AWEI,20000,0.25,19,True,5,4,0.8,0.2,0.666666666667,descending score then ascending unit coordinates
N2023_179508_MINNESOTA,AWEI,20000,0.3,19,True,6,5,0.833333333333,0.166666666667,0.714285714286,descending score then ascending unit coordinates
N2023_179508_MINNESOTA,AWEI,20000,0.35,19,True,7,7,1,0,1,descending score then ascending unit coordinates
N2023_179508_MINNESOTA,AWEI,20000,0.4,19,True,8,7,0.875,0.125,0.777777777778,descending score then ascending unit coordinates
N2023_179508_MINNESOTA,AWEI,20000,0.45,19,True,9,8,0.888888888889,0.111111111111,0.8,descending score then ascending unit coordinates
N2023_179508_MINNESOTA,AWEI,20000,0.5,19,True,10,8,0.8,0.2,0.666666666667,descending score then ascending unit coordinates
N2023_179508_MINNESOTA,DSWx,30000,0.05,11,True,1,1,1,0,1,descending score then ascending unit coordinates
N2023_179508_MINNESOTA,DSWx,30000,0.1,11,True,2,2,1,0,1,descending score then ascending unit coordinates
N2023_179508_MINNESOTA,DSWx,30000,0.15,11,True,2,2,1,0,1,descending score then ascending unit coordinates
N2023_179508_MINNESOTA,DSWx,30000,0.2,11,True,3,3,1,0,1,descending score then ascending unit coordinates
N2023_179508_MINNESOTA,DSWx,30000,0.25,11,True,3,3,1,0,1,descending score then ascending unit coordinates
N2023_179508_MINNESOTA,DSWx,30000,0.3,11,True,4,4,1,0,1,descending score then ascending unit coordinates
N2023_179508_MINNESOTA,DSWx,30000,0.35,11,True,4,4,1,0,1,descending score then ascending unit coordinates
N2023_179508_MINNESOTA,DSWx,30000,0.4,11,True,5,5,1,0,1,descending score then ascending unit coordinates
N2023_179508_MINNESOTA,DSWx,30000,0.45,11,True,5,5,1,0,1,descending score then ascending unit coordinates
N2023_179508_MINNESOTA,DSWx,30000,0.5,11,True,6,6,1,0,1,descending score then ascending unit coordinates
N2023_179508_MINNESOTA,MNDWI,30000,0.05,11,True,1,1,1,0,1,descending score then ascending unit coordinates
N2023_179508_MINNESOTA,MNDWI,30000,0.1,11,True,2,1,0.5,0.5,0.333333333333,descending score then ascending unit coordinates
N2023_179508_MINNESOTA,MNDWI,30000,0.15,11,True,2,1,0.5,0.5,0.333333333333,descending score then ascending unit coordinates
N2023_179508_MINNESOTA,MNDWI,30000,0.2,11,True,3,3,1,0,1,descending score then ascending unit coordinates
N2023_179508_MINNESOTA,MNDWI,30000,0.25,11,True,3,3,1,0,1,descending score then ascending unit coordinates
N2023_179508_MINNESOTA,MNDWI,30000,0.3,11,True,4,4,1,0,1,descending score then ascending unit coordinates
N2023_179508_MINNESOTA,MNDWI,30000,0.35,11,True,4,4,1,0,1,descending score then ascending unit coordinates
N2023_179508_MINNESOTA,MNDWI,30000,0.4,11,True,5,4,0.8,0.2,0.666666666667,descending score then ascending unit coordinates
N2023_179508_MINNESOTA,MNDWI,30000,0.45,11,True,5,4,0.8,0.2,0.666666666667,descending score then ascending unit coordinates
N2023_179508_MINNESOTA,MNDWI,30000,0.5,11,True,6,5,0.833333333333,0.166666666667,0.714285714286,descending score then ascending unit coordinates
N2023_179508_MINNESOTA,AWEI,30000,0.05,11,True,1,0,0,1,0,descending score then ascending unit coordinates
N2023_179508_MINNESOTA,AWEI,30000,0.1,11,True,2,1,0.5,0.5,0.333333333333,descending score then ascending unit coordinates
N2023_179508_MINNESOTA,AWEI,30000,0.15,11,True,2,1,0.5,0.5,0.333333333333,descending score then ascending unit coordinates
N2023_179508_MINNESOTA,AWEI,30000,0.2,11,True,3,3,1,0,1,descending score then ascending unit coordinates
N2023_179508_MINNESOTA,AWEI,30000,0.25,11,True,3,3,1,0,1,descending score then ascending unit coordinates
N2023_179508_MINNESOTA,AWEI,30000,0.3,11,True,4,4,1,0,1,descending score then ascending unit coordinates
N2023_179508_MINNESOTA,AWEI,30000,0.35,11,True,4,4,1,0,1,descending score then ascending unit coordinates
N2023_179508_MINNESOTA,AWEI,30000,0.4,11,True,5,5,1,0,1,descending score then ascending unit coordinates
N2023_179508_MINNESOTA,AWEI,30000,0.45,11,True,5,5,1,0,1,descending score then ascending unit coordinates
N2023_179508_MINNESOTA,AWEI,30000,0.5,11,True,6,5,0.833333333333,0.166666666667,0.714285714286,descending score then ascending unit coordinates
N2023_179829_WISCONSIN,DSWx,500,0.05,6,False,1,0,0,1,0,descending score then ascending unit coordinates
N2023_179829_WISCONSIN,DSWx,500,0.1,6,False,1,0,0,1,0,descending score then ascending unit coordinates
N2023_179829_WISCONSIN,DSWx,500,0.15,6,False,1,0,0,1,0,descending score then ascending unit coordinates
N2023_179829_WISCONSIN,DSWx,500,0.2,6,False,2,0,0,1,0,descending score then ascending unit coordinates
N2023_179829_WISCONSIN,DSWx,500,0.25,6,False,2,0,0,1,0,descending score then ascending unit coordinates
N2023_179829_WISCONSIN,DSWx,500,0.3,6,False,2,0,0,1,0,descending score then ascending unit coordinates
N2023_179829_WISCONSIN,DSWx,500,0.35,6,False,3,1,0.333333333333,0.666666666667,0.2,descending score then ascending unit coordinates
N2023_179829_WISCONSIN,DSWx,500,0.4,6,False,3,1,0.333333333333,0.666666666667,0.2,descending score then ascending unit coordinates
N2023_179829_WISCONSIN,DSWx,500,0.45,6,False,3,1,0.333333333333,0.666666666667,0.2,descending score then ascending unit coordinates
N2023_179829_WISCONSIN,DSWx,500,0.5,6,False,3,1,0.333333333333,0.666666666667,0.2,descending score then ascending unit coordinates
N2023_179829_WISCONSIN,MNDWI,500,0.05,1,False,1,1,1,0,1,descending score then ascending unit coordinates
N2023_179829_WISCONSIN,MNDWI,500,0.1,1,False,1,1,1,0,1,descending score then ascending unit coordinates
N2023_179829_WISCONSIN,MNDWI,500,0.15,1,False,1,1,1,0,1,descending score then ascending unit coordinates
N2023_179829_WISCONSIN,MNDWI,500,0.2,1,False,1,1,1,0,1,descending score then ascending unit coordinates
N2023_179829_WISCONSIN,MNDWI,500,0.25,1,False,1,1,1,0,1,descending score then ascending unit coordinates
N2023_179829_WISCONSIN,MNDWI,500,0.3,1,False,1,1,1,0,1,descending score then ascending unit coordinates
N2023_179829_WISCONSIN,MNDWI,500,0.35,1,False,1,1,1,0,1,descending score then ascending unit coordinates
N2023_179829_WISCONSIN,MNDWI,500,0.4,1,False,1,1,1,0,1,descending score then ascending unit coordinates
N2023_179829_WISCONSIN,MNDWI,500,0.45,1,False,1,1,1,0,1,descending score then ascending unit coordinates
N2023_179829_WISCONSIN,MNDWI,500,0.5,1,False,1,1,1,0,1,descending score then ascending unit coordinates
N2023_179829_WISCONSIN,DSWx,1000,0.05,6,False,1,0,0,1,0,descending score then ascending unit coordinates
N2023_179829_WISCONSIN,DSWx,1000,0.1,6,False,1,0,0,1,0,descending score then ascending unit coordinates
N2023_179829_WISCONSIN,DSWx,1000,0.15,6,False,1,0,0,1,0,descending score then ascending unit coordinates
N2023_179829_WISCONSIN,DSWx,1000,0.2,6,False,2,0,0,1,0,descending score then ascending unit coordinates
N2023_179829_WISCONSIN,DSWx,1000,0.25,6,False,2,0,0,1,0,descending score then ascending unit coordinates
N2023_179829_WISCONSIN,DSWx,1000,0.3,6,False,2,0,0,1,0,descending score then ascending unit coordinates
N2023_179829_WISCONSIN,DSWx,1000,0.35,6,False,3,1,0.333333333333,0.666666666667,0.2,descending score then ascending unit coordinates
N2023_179829_WISCONSIN,DSWx,1000,0.4,6,False,3,1,0.333333333333,0.666666666667,0.2,descending score then ascending unit coordinates
N2023_179829_WISCONSIN,DSWx,1000,0.45,6,False,3,1,0.333333333333,0.666666666667,0.2,descending score then ascending unit coordinates
N2023_179829_WISCONSIN,DSWx,1000,0.5,6,False,3,1,0.333333333333,0.666666666667,0.2,descending score then ascending unit coordinates
N2023_179829_WISCONSIN,MNDWI,1000,0.05,1,False,1,1,1,0,1,descending score then ascending unit coordinates
N2023_179829_WISCONSIN,MNDWI,1000,0.1,1,False,1,1,1,0,1,descending score then ascending unit coordinates
N2023_179829_WISCONSIN,MNDWI,1000,0.15,1,False,1,1,1,0,1,descending score then ascending unit coordinates
N2023_179829_WISCONSIN,MNDWI,1000,0.2,1,False,1,1,1,0,1,descending score then ascending unit coordinates
N2023_179829_WISCONSIN,MNDWI,1000,0.25,1,False,1,1,1,0,1,descending score then ascending unit coordinates
N2023_179829_WISCONSIN,MNDWI,1000,0.3,1,False,1,1,1,0,1,descending score then ascending unit coordinates
N2023_179829_WISCONSIN,MNDWI,1000,0.35,1,False,1,1,1,0,1,descending score then ascending unit coordinates
N2023_179829_WISCONSIN,MNDWI,1000,0.4,1,False,1,1,1,0,1,descending score then ascending unit coordinates
N2023_179829_WISCONSIN,MNDWI,1000,0.45,1,False,1,1,1,0,1,descending score then ascending unit coordinates
N2023_179829_WISCONSIN,MNDWI,1000,0.5,1,False,1,1,1,0,1,descending score then ascending unit coordinates
N2023_179829_WISCONSIN,DSWx,2000,0.05,6,False,1,0,0,1,0,descending score then ascending unit coordinates
N2023_179829_WISCONSIN,DSWx,2000,0.1,6,False,1,0,0,1,0,descending score then ascending unit coordinates
N2023_179829_WISCONSIN,DSWx,2000,0.15,6,False,1,0,0,1,0,descending score then ascending unit coordinates
N2023_179829_WISCONSIN,DSWx,2000,0.2,6,False,2,0,0,1,0,descending score then ascending unit coordinates
N2023_179829_WISCONSIN,DSWx,2000,0.25,6,False,2,0,0,1,0,descending score then ascending unit coordinates
N2023_179829_WISCONSIN,DSWx,2000,0.3,6,False,2,0,0,1,0,descending score then ascending unit coordinates
N2023_179829_WISCONSIN,DSWx,2000,0.35,6,False,3,1,0.333333333333,0.666666666667,0.2,descending score then ascending unit coordinates
N2023_179829_WISCONSIN,DSWx,2000,0.4,6,False,3,1,0.333333333333,0.666666666667,0.2,descending score then ascending unit coordinates
N2023_179829_WISCONSIN,DSWx,2000,0.45,6,False,3,1,0.333333333333,0.666666666667,0.2,descending score then ascending unit coordinates
N2023_179829_WISCONSIN,DSWx,2000,0.5,6,False,3,1,0.333333333333,0.666666666667,0.2,descending score then ascending unit coordinates
N2023_179829_WISCONSIN,MNDWI,2000,0.05,1,False,1,1,1,0,1,descending score then ascending unit coordinates
N2023_179829_WISCONSIN,MNDWI,2000,0.1,1,False,1,1,1,0,1,descending score then ascending unit coordinates
N2023_179829_WISCONSIN,MNDWI,2000,0.15,1,False,1,1,1,0,1,descending score then ascending unit coordinates
N2023_179829_WISCONSIN,MNDWI,2000,0.2,1,False,1,1,1,0,1,descending score then ascending unit coordinates
N2023_179829_WISCONSIN,MNDWI,2000,0.25,1,False,1,1,1,0,1,descending score then ascending unit coordinates
N2023_179829_WISCONSIN,MNDWI,2000,0.3,1,False,1,1,1,0,1,descending score then ascending unit coordinates
N2023_179829_WISCONSIN,MNDWI,2000,0.35,1,False,1,1,1,0,1,descending score then ascending unit coordinates
N2023_179829_WISCONSIN,MNDWI,2000,0.4,1,False,1,1,1,0,1,descending score then ascending unit coordinates
N2023_179829_WISCONSIN,MNDWI,2000,0.45,1,False,1,1,1,0,1,descending score then ascending unit coordinates
N2023_179829_WISCONSIN,MNDWI,2000,0.5,1,False,1,1,1,0,1,descending score then ascending unit coordinates
N2023_179829_WISCONSIN,DSWx,5000,0.05,6,False,1,0,0,1,0,descending score then ascending unit coordinates
N2023_179829_WISCONSIN,DSWx,5000,0.1,6,False,1,0,0,1,0,descending score then ascending unit coordinates
N2023_179829_WISCONSIN,DSWx,5000,0.15,6,False,1,0,0,1,0,descending score then ascending unit coordinates
N2023_179829_WISCONSIN,DSWx,5000,0.2,6,False,2,0,0,1,0,descending score then ascending unit coordinates
N2023_179829_WISCONSIN,DSWx,5000,0.25,6,False,2,0,0,1,0,descending score then ascending unit coordinates
N2023_179829_WISCONSIN,DSWx,5000,0.3,6,False,2,0,0,1,0,descending score then ascending unit coordinates
N2023_179829_WISCONSIN,DSWx,5000,0.35,6,False,3,1,0.333333333333,0.666666666667,0.2,descending score then ascending unit coordinates
N2023_179829_WISCONSIN,DSWx,5000,0.4,6,False,3,1,0.333333333333,0.666666666667,0.2,descending score then ascending unit coordinates
N2023_179829_WISCONSIN,DSWx,5000,0.45,6,False,3,1,0.333333333333,0.666666666667,0.2,descending score then ascending unit coordinates
N2023_179829_WISCONSIN,DSWx,5000,0.5,6,False,3,1,0.333333333333,0.666666666667,0.2,descending score then ascending unit coordinates
N2023_179829_WISCONSIN,MNDWI,5000,0.05,1,False,1,1,1,0,1,descending score then ascending unit coordinates
N2023_179829_WISCONSIN,MNDWI,5000,0.1,1,False,1,1,1,0,1,descending score then ascending unit coordinates
N2023_179829_WISCONSIN,MNDWI,5000,0.15,1,False,1,1,1,0,1,descending score then ascending unit coordinates
N2023_179829_WISCONSIN,MNDWI,5000,0.2,1,False,1,1,1,0,1,descending score then ascending unit coordinates
N2023_179829_WISCONSIN,MNDWI,5000,0.25,1,False,1,1,1,0,1,descending score then ascending unit coordinates
N2023_179829_WISCONSIN,MNDWI,5000,0.3,1,False,1,1,1,0,1,descending score then ascending unit coordinates
N2023_179829_WISCONSIN,MNDWI,5000,0.35,1,False,1,1,1,0,1,descending score then ascending unit coordinates
N2023_179829_WISCONSIN,MNDWI,5000,0.4,1,False,1,1,1,0,1,descending score then ascending unit coordinates
N2023_179829_WISCONSIN,MNDWI,5000,0.45,1,False,1,1,1,0,1,descending score then ascending unit coordinates
N2023_179829_WISCONSIN,MNDWI,5000,0.5,1,False,1,1,1,0,1,descending score then ascending unit coordinates
N2023_179829_WISCONSIN,DSWx,10000,0.05,6,False,1,0,0,1,0,descending score then ascending unit coordinates
N2023_179829_WISCONSIN,DSWx,10000,0.1,6,False,1,0,0,1,0,descending score then ascending unit coordinates
N2023_179829_WISCONSIN,DSWx,10000,0.15,6,False,1,0,0,1,0,descending score then ascending unit coordinates
N2023_179829_WISCONSIN,DSWx,10000,0.2,6,False,2,0,0,1,0,descending score then ascending unit coordinates
N2023_179829_WISCONSIN,DSWx,10000,0.25,6,False,2,0,0,1,0,descending score then ascending unit coordinates
N2023_179829_WISCONSIN,DSWx,10000,0.3,6,False,2,0,0,1,0,descending score then ascending unit coordinates
N2023_179829_WISCONSIN,DSWx,10000,0.35,6,False,3,1,0.333333333333,0.666666666667,0.2,descending score then ascending unit coordinates
N2023_179829_WISCONSIN,DSWx,10000,0.4,6,False,3,1,0.333333333333,0.666666666667,0.2,descending score then ascending unit coordinates
N2023_179829_WISCONSIN,DSWx,10000,0.45,6,False,3,1,0.333333333333,0.666666666667,0.2,descending score then ascending unit coordinates
N2023_179829_WISCONSIN,DSWx,10000,0.5,6,False,3,1,0.333333333333,0.666666666667,0.2,descending score then ascending unit coordinates
N2023_179829_WISCONSIN,MNDWI,10000,0.05,1,False,1,1,1,0,1,descending score then ascending unit coordinates
N2023_179829_WISCONSIN,MNDWI,10000,0.1,1,False,1,1,1,0,1,descending score then ascending unit coordinates
N2023_179829_WISCONSIN,MNDWI,10000,0.15,1,False,1,1,1,0,1,descending score then ascending unit coordinates
N2023_179829_WISCONSIN,MNDWI,10000,0.2,1,False,1,1,1,0,1,descending score then ascending unit coordinates
N2023_179829_WISCONSIN,MNDWI,10000,0.25,1,False,1,1,1,0,1,descending score then ascending unit coordinates
N2023_179829_WISCONSIN,MNDWI,10000,0.3,1,False,1,1,1,0,1,descending score then ascending unit coordinates
N2023_179829_WISCONSIN,MNDWI,10000,0.35,1,False,1,1,1,0,1,descending score then ascending unit coordinates
N2023_179829_WISCONSIN,MNDWI,10000,0.4,1,False,1,1,1,0,1,descending score then ascending unit coordinates
N2023_179829_WISCONSIN,MNDWI,10000,0.45,1,False,1,1,1,0,1,descending score then ascending unit coordinates
N2023_179829_WISCONSIN,MNDWI,10000,0.5,1,False,1,1,1,0,1,descending score then ascending unit coordinates
N2023_179829_WISCONSIN,DSWx,20000,0.05,5,False,1,0,0,1,0,descending score then ascending unit coordinates
N2023_179829_WISCONSIN,DSWx,20000,0.1,5,False,1,0,0,1,0,descending score then ascending unit coordinates
N2023_179829_WISCONSIN,DSWx,20000,0.15,5,False,1,0,0,1,0,descending score then ascending unit coordinates
N2023_179829_WISCONSIN,DSWx,20000,0.2,5,False,1,0,0,1,0,descending score then ascending unit coordinates
N2023_179829_WISCONSIN,DSWx,20000,0.25,5,False,2,0,0,1,0,descending score then ascending unit coordinates
N2023_179829_WISCONSIN,DSWx,20000,0.3,5,False,2,0,0,1,0,descending score then ascending unit coordinates
N2023_179829_WISCONSIN,DSWx,20000,0.35,5,False,2,0,0,1,0,descending score then ascending unit coordinates
N2023_179829_WISCONSIN,DSWx,20000,0.4,5,False,2,0,0,1,0,descending score then ascending unit coordinates
N2023_179829_WISCONSIN,DSWx,20000,0.45,5,False,3,1,0.333333333333,0.666666666667,0.2,descending score then ascending unit coordinates
N2023_179829_WISCONSIN,DSWx,20000,0.5,5,False,3,1,0.333333333333,0.666666666667,0.2,descending score then ascending unit coordinates
N2023_179829_WISCONSIN,MNDWI,20000,0.05,1,False,1,1,1,0,1,descending score then ascending unit coordinates
N2023_179829_WISCONSIN,MNDWI,20000,0.1,1,False,1,1,1,0,1,descending score then ascending unit coordinates
N2023_179829_WISCONSIN,MNDWI,20000,0.15,1,False,1,1,1,0,1,descending score then ascending unit coordinates
N2023_179829_WISCONSIN,MNDWI,20000,0.2,1,False,1,1,1,0,1,descending score then ascending unit coordinates
N2023_179829_WISCONSIN,MNDWI,20000,0.25,1,False,1,1,1,0,1,descending score then ascending unit coordinates
N2023_179829_WISCONSIN,MNDWI,20000,0.3,1,False,1,1,1,0,1,descending score then ascending unit coordinates
N2023_179829_WISCONSIN,MNDWI,20000,0.35,1,False,1,1,1,0,1,descending score then ascending unit coordinates
N2023_179829_WISCONSIN,MNDWI,20000,0.4,1,False,1,1,1,0,1,descending score then ascending unit coordinates
N2023_179829_WISCONSIN,MNDWI,20000,0.45,1,False,1,1,1,0,1,descending score then ascending unit coordinates
N2023_179829_WISCONSIN,MNDWI,20000,0.5,1,False,1,1,1,0,1,descending score then ascending unit coordinates
N2023_179829_WISCONSIN,DSWx,30000,0.05,5,False,1,0,0,1,0,descending score then ascending unit coordinates
N2023_179829_WISCONSIN,DSWx,30000,0.1,5,False,1,0,0,1,0,descending score then ascending unit coordinates
N2023_179829_WISCONSIN,DSWx,30000,0.15,5,False,1,0,0,1,0,descending score then ascending unit coordinates
N2023_179829_WISCONSIN,DSWx,30000,0.2,5,False,1,0,0,1,0,descending score then ascending unit coordinates
N2023_179829_WISCONSIN,DSWx,30000,0.25,5,False,2,0,0,1,0,descending score then ascending unit coordinates
N2023_179829_WISCONSIN,DSWx,30000,0.3,5,False,2,0,0,1,0,descending score then ascending unit coordinates
N2023_179829_WISCONSIN,DSWx,30000,0.35,5,False,2,0,0,1,0,descending score then ascending unit coordinates
N2023_179829_WISCONSIN,DSWx,30000,0.4,5,False,2,0,0,1,0,descending score then ascending unit coordinates
N2023_179829_WISCONSIN,DSWx,30000,0.45,5,False,3,1,0.333333333333,0.666666666667,0.2,descending score then ascending unit coordinates
N2023_179829_WISCONSIN,DSWx,30000,0.5,5,False,3,1,0.333333333333,0.666666666667,0.2,descending score then ascending unit coordinates
N2023_179829_WISCONSIN,MNDWI,30000,0.05,1,False,1,1,1,0,1,descending score then ascending unit coordinates
N2023_179829_WISCONSIN,MNDWI,30000,0.1,1,False,1,1,1,0,1,descending score then ascending unit coordinates
N2023_179829_WISCONSIN,MNDWI,30000,0.15,1,False,1,1,1,0,1,descending score then ascending unit coordinates
N2023_179829_WISCONSIN,MNDWI,30000,0.2,1,False,1,1,1,0,1,descending score then ascending unit coordinates
N2023_179829_WISCONSIN,MNDWI,30000,0.25,1,False,1,1,1,0,1,descending score then ascending unit coordinates
N2023_179829_WISCONSIN,MNDWI,30000,0.3,1,False,1,1,1,0,1,descending score then ascending unit coordinates
N2023_179829_WISCONSIN,MNDWI,30000,0.35,1,False,1,1,1,0,1,descending score then ascending unit coordinates
N2023_179829_WISCONSIN,MNDWI,30000,0.4,1,False,1,1,1,0,1,descending score then ascending unit coordinates
N2023_179829_WISCONSIN,MNDWI,30000,0.45,1,False,1,1,1,0,1,descending score then ascending unit coordinates
N2023_179829_WISCONSIN,MNDWI,30000,0.5,1,False,1,1,1,0,1,descending score then ascending unit coordinates
N2024_191762_IOWA,DSWx,500,0.05,5958,True,298,252,0.845637583893,0.154362416107,0.732558139535,descending score then ascending unit coordinates
N2024_191762_IOWA,DSWx,500,0.1,5958,True,596,504,0.845637583893,0.154362416107,0.732558139535,descending score then ascending unit coordinates
N2024_191762_IOWA,DSWx,500,0.15,5958,True,894,764,0.854586129754,0.145413870246,0.74609375,descending score then ascending unit coordinates
N2024_191762_IOWA,DSWx,500,0.2,5958,True,1192,1028,0.862416107383,0.137583892617,0.758112094395,descending score then ascending unit coordinates
N2024_191762_IOWA,DSWx,500,0.25,5958,True,1490,1284,0.861744966443,0.138255033557,0.757075471698,descending score then ascending unit coordinates
N2024_191762_IOWA,DSWx,500,0.3,5958,True,1788,1568,0.876957494407,0.123042505593,0.780876494024,descending score then ascending unit coordinates
N2024_191762_IOWA,DSWx,500,0.35,5958,True,2086,1810,0.867689357622,0.132310642378,0.766299745978,descending score then ascending unit coordinates
N2024_191762_IOWA,DSWx,500,0.4,5958,True,2384,2056,0.862416107383,0.137583892617,0.758112094395,descending score then ascending unit coordinates
N2024_191762_IOWA,DSWx,500,0.45,5958,True,2682,2326,0.867263236391,0.132736763609,0.765635286373,descending score then ascending unit coordinates
N2024_191762_IOWA,DSWx,500,0.5,5958,True,2979,2587,0.868412218865,0.131587781135,0.767428062889,descending score then ascending unit coordinates
N2024_191762_IOWA,MNDWI,500,0.05,2621,True,132,101,0.765151515152,0.234848484848,0.61963190184,descending score then ascending unit coordinates
N2024_191762_IOWA,MNDWI,500,0.1,2621,True,263,196,0.745247148289,0.254752851711,0.593939393939,descending score then ascending unit coordinates
N2024_191762_IOWA,MNDWI,500,0.15,2621,True,394,284,0.720812182741,0.279187817259,0.563492063492,descending score then ascending unit coordinates
N2024_191762_IOWA,MNDWI,500,0.2,2621,True,525,394,0.750476190476,0.249523809524,0.600609756098,descending score then ascending unit coordinates
N2024_191762_IOWA,MNDWI,500,0.25,2621,True,656,495,0.754573170732,0.245426829268,0.605875152999,descending score then ascending unit coordinates
N2024_191762_IOWA,MNDWI,500,0.3,2621,True,787,587,0.745870393901,0.254129606099,0.594731509625,descending score then ascending unit coordinates
N2024_191762_IOWA,MNDWI,500,0.35,2621,True,918,679,0.739651416122,0.260348583878,0.586862575627,descending score then ascending unit coordinates
N2024_191762_IOWA,MNDWI,500,0.4,2621,True,1049,780,0.743565300286,0.256434699714,0.591805766313,descending score then ascending unit coordinates
N2024_191762_IOWA,MNDWI,500,0.45,2621,True,1180,883,0.748305084746,0.251694915254,0.597833446175,descending score then ascending unit coordinates
N2024_191762_IOWA,MNDWI,500,0.5,2621,True,1311,970,0.739893211289,0.260106788711,0.587167070218,descending score then ascending unit coordinates
N2024_191762_IOWA,AWEI,500,0.05,2036,True,102,56,0.549019607843,0.450980392157,0.378378378378,descending score then ascending unit coordinates
N2024_191762_IOWA,AWEI,500,0.1,2036,True,204,89,0.436274509804,0.563725490196,0.278996865204,descending score then ascending unit coordinates
N2024_191762_IOWA,AWEI,500,0.15,2036,True,306,127,0.415032679739,0.584967320261,0.261855670103,descending score then ascending unit coordinates
N2024_191762_IOWA,AWEI,500,0.2,2036,True,408,167,0.40931372549,0.59068627451,0.257318952234,descending score then ascending unit coordinates
N2024_191762_IOWA,AWEI,500,0.25,2036,True,509,211,0.414538310413,0.585461689587,0.2614622057,descending score then ascending unit coordinates
N2024_191762_IOWA,AWEI,500,0.3,2036,True,611,261,0.427168576105,0.572831423895,0.271592091571,descending score then ascending unit coordinates
N2024_191762_IOWA,AWEI,500,0.35,2036,True,713,314,0.440392706872,0.559607293128,0.282374100719,descending score then ascending unit coordinates
N2024_191762_IOWA,AWEI,500,0.4,2036,True,815,375,0.460122699387,0.539877300613,0.298804780876,descending score then ascending unit coordinates
N2024_191762_IOWA,AWEI,500,0.45,2036,True,917,441,0.480916030534,0.519083969466,0.316582914573,descending score then ascending unit coordinates
N2024_191762_IOWA,AWEI,500,0.5,2036,True,1018,529,0.519646365422,0.480353634578,0.35102853351,descending score then ascending unit coordinates
N2024_191762_IOWA,DSWx,1000,0.05,3297,True,165,135,0.818181818182,0.181818181818,0.692307692308,descending score then ascending unit coordinates
N2024_191762_IOWA,DSWx,1000,0.1,3297,True,330,285,0.863636363636,0.136363636364,0.76,descending score then ascending unit coordinates
N2024_191762_IOWA,DSWx,1000,0.15,3297,True,495,435,0.878787878788,0.121212121212,0.783783783784,descending score then ascending unit coordinates
N2024_191762_IOWA,DSWx,1000,0.2,3297,True,660,582,0.881818181818,0.118181818182,0.788617886179,descending score then ascending unit coordinates
N2024_191762_IOWA,DSWx,1000,0.25,3297,True,825,719,0.871515151515,0.128484848485,0.772287862513,descending score then ascending unit coordinates
N2024_191762_IOWA,DSWx,1000,0.3,3297,True,990,890,0.89898989899,0.10101010101,0.816513761468,descending score then ascending unit coordinates
N2024_191762_IOWA,DSWx,1000,0.35,3297,True,1154,1036,0.897746967071,0.102253032929,0.814465408805,descending score then ascending unit coordinates
N2024_191762_IOWA,DSWx,1000,0.4,3297,True,1319,1178,0.893100833965,0.106899166035,0.806849315068,descending score then ascending unit coordinates
N2024_191762_IOWA,DSWx,1000,0.45,3297,True,1484,1323,0.891509433962,0.108490566038,0.804255319149,descending score then ascending unit coordinates
N2024_191762_IOWA,DSWx,1000,0.5,3297,True,1649,1471,0.892055791389,0.107944208611,0.805145046524,descending score then ascending unit coordinates
N2024_191762_IOWA,MNDWI,1000,0.05,1606,True,81,60,0.740740740741,0.259259259259,0.588235294118,descending score then ascending unit coordinates
N2024_191762_IOWA,MNDWI,1000,0.1,1606,True,161,122,0.757763975155,0.242236024845,0.61,descending score then ascending unit coordinates
N2024_191762_IOWA,MNDWI,1000,0.15,1606,True,241,183,0.759336099585,0.240663900415,0.612040133779,descending score then ascending unit coordinates
N2024_191762_IOWA,MNDWI,1000,0.2,1606,True,322,243,0.754658385093,0.245341614907,0.605985037406,descending score then ascending unit coordinates
N2024_191762_IOWA,MNDWI,1000,0.25,1606,True,402,308,0.766169154229,0.233830845771,0.620967741935,descending score then ascending unit coordinates
N2024_191762_IOWA,MNDWI,1000,0.3,1606,True,482,373,0.773858921162,0.226141078838,0.631133671743,descending score then ascending unit coordinates
N2024_191762_IOWA,MNDWI,1000,0.35,1606,True,563,433,0.769094138544,0.230905861456,0.62481962482,descending score then ascending unit coordinates
N2024_191762_IOWA,MNDWI,1000,0.4,1606,True,643,485,0.754276827372,0.245723172628,0.605493133583,descending score then ascending unit coordinates
N2024_191762_IOWA,MNDWI,1000,0.45,1606,True,723,556,0.769017980636,0.230982019364,0.624719101124,descending score then ascending unit coordinates
N2024_191762_IOWA,MNDWI,1000,0.5,1606,True,803,622,0.774595267746,0.225404732254,0.632113821138,descending score then ascending unit coordinates
N2024_191762_IOWA,AWEI,1000,0.05,1330,True,67,36,0.537313432836,0.462686567164,0.367346938776,descending score then ascending unit coordinates
N2024_191762_IOWA,AWEI,1000,0.1,1330,True,133,64,0.481203007519,0.518796992481,0.316831683168,descending score then ascending unit coordinates
N2024_191762_IOWA,AWEI,1000,0.15,1330,True,200,90,0.45,0.55,0.290322580645,descending score then ascending unit coordinates
N2024_191762_IOWA,AWEI,1000,0.2,1330,True,266,123,0.462406015038,0.537593984962,0.300733496333,descending score then ascending unit coordinates
N2024_191762_IOWA,AWEI,1000,0.25,1330,True,333,153,0.459459459459,0.540540540541,0.298245614035,descending score then ascending unit coordinates
N2024_191762_IOWA,AWEI,1000,0.3,1330,True,399,178,0.446115288221,0.553884711779,0.287096774194,descending score then ascending unit coordinates
N2024_191762_IOWA,AWEI,1000,0.35,1330,True,466,218,0.467811158798,0.532188841202,0.305322128852,descending score then ascending unit coordinates
N2024_191762_IOWA,AWEI,1000,0.4,1330,True,532,259,0.486842105263,0.513157894737,0.321739130435,descending score then ascending unit coordinates
N2024_191762_IOWA,AWEI,1000,0.45,1330,True,599,312,0.520868113523,0.479131886477,0.352144469526,descending score then ascending unit coordinates
N2024_191762_IOWA,AWEI,1000,0.5,1330,True,665,366,0.55037593985,0.44962406015,0.379668049793,descending score then ascending unit coordinates
N2024_191762_IOWA,DSWx,2000,0.05,1528,True,77,67,0.87012987013,0.12987012987,0.770114942529,descending score then ascending unit coordinates
N2024_191762_IOWA,DSWx,2000,0.1,1528,True,153,135,0.882352941176,0.117647058824,0.789473684211,descending score then ascending unit coordinates
N2024_191762_IOWA,DSWx,2000,0.15,1528,True,230,207,0.9,0.1,0.818181818182,descending score then ascending unit coordinates
N2024_191762_IOWA,DSWx,2000,0.2,1528,True,306,280,0.915032679739,0.0849673202614,0.843373493976,descending score then ascending unit coordinates
N2024_191762_IOWA,DSWx,2000,0.25,1528,True,382,346,0.905759162304,0.0942408376963,0.827751196172,descending score then ascending unit coordinates
N2024_191762_IOWA,DSWx,2000,0.3,1528,True,459,412,0.897603485839,0.102396514161,0.814229249012,descending score then ascending unit coordinates
N2024_191762_IOWA,DSWx,2000,0.35,1528,True,535,489,0.914018691589,0.0859813084112,0.84165232358,descending score then ascending unit coordinates
N2024_191762_IOWA,DSWx,2000,0.4,1528,True,612,560,0.915032679739,0.0849673202614,0.843373493976,descending score then ascending unit coordinates
N2024_191762_IOWA,DSWx,2000,0.45,1528,True,688,626,0.90988372093,0.0901162790698,0.834666666667,descending score then ascending unit coordinates
N2024_191762_IOWA,DSWx,2000,0.5,1528,True,764,695,0.909685863874,0.0903141361257,0.834333733493,descending score then ascending unit coordinates
N2024_191762_IOWA,MNDWI,2000,0.05,892,True,45,35,0.777777777778,0.222222222222,0.636363636364,descending score then ascending unit coordinates
N2024_191762_IOWA,MNDWI,2000,0.1,892,True,90,72,0.8,0.2,0.666666666667,descending score then ascending unit coordinates
N2024_191762_IOWA,MNDWI,2000,0.15,892,True,134,108,0.805970149254,0.194029850746,0.675,descending score then ascending unit coordinates
N2024_191762_IOWA,MNDWI,2000,0.2,892,True,179,141,0.787709497207,0.212290502793,0.649769585253,descending score then ascending unit coordinates
N2024_191762_IOWA,MNDWI,2000,0.25,892,True,223,173,0.775784753363,0.224215246637,0.6336996337,descending score then ascending unit coordinates
N2024_191762_IOWA,MNDWI,2000,0.3,892,True,268,210,0.783582089552,0.216417910448,0.644171779141,descending score then ascending unit coordinates
N2024_191762_IOWA,MNDWI,2000,0.35,892,True,313,244,0.779552715655,0.220447284345,0.638743455497,descending score then ascending unit coordinates
N2024_191762_IOWA,MNDWI,2000,0.4,892,True,357,284,0.795518207283,0.204481792717,0.660465116279,descending score then ascending unit coordinates
N2024_191762_IOWA,MNDWI,2000,0.45,892,True,402,323,0.803482587065,0.196517412935,0.671517671518,descending score then ascending unit coordinates
N2024_191762_IOWA,MNDWI,2000,0.5,892,True,446,357,0.800448430493,0.199551569507,0.667289719626,descending score then ascending unit coordinates
N2024_191762_IOWA,AWEI,2000,0.05,773,True,39,26,0.666666666667,0.333333333333,0.5,descending score then ascending unit coordinates
N2024_191762_IOWA,AWEI,2000,0.1,773,True,78,39,0.5,0.5,0.333333333333,descending score then ascending unit coordinates
N2024_191762_IOWA,AWEI,2000,0.15,773,True,116,58,0.5,0.5,0.333333333333,descending score then ascending unit coordinates
N2024_191762_IOWA,AWEI,2000,0.2,773,True,155,77,0.496774193548,0.503225806452,0.330472103004,descending score then ascending unit coordinates
N2024_191762_IOWA,AWEI,2000,0.25,773,True,194,91,0.469072164948,0.530927835052,0.306397306397,descending score then ascending unit coordinates
N2024_191762_IOWA,AWEI,2000,0.3,773,True,232,121,0.521551724138,0.478448275862,0.3527696793,descending score then ascending unit coordinates
N2024_191762_IOWA,AWEI,2000,0.35,773,True,271,145,0.535055350554,0.464944649446,0.36523929471,descending score then ascending unit coordinates
N2024_191762_IOWA,AWEI,2000,0.4,773,True,310,176,0.567741935484,0.432258064516,0.396396396396,descending score then ascending unit coordinates
N2024_191762_IOWA,AWEI,2000,0.45,773,True,348,194,0.557471264368,0.442528735632,0.386454183267,descending score then ascending unit coordinates
N2024_191762_IOWA,AWEI,2000,0.5,773,True,387,227,0.586563307494,0.413436692506,0.414990859232,descending score then ascending unit coordinates
N2024_191762_IOWA,DSWx,5000,0.05,378,True,19,17,0.894736842105,0.105263157895,0.809523809524,descending score then ascending unit coordinates
N2024_191762_IOWA,DSWx,5000,0.1,378,True,38,34,0.894736842105,0.105263157895,0.809523809524,descending score then ascending unit coordinates
N2024_191762_IOWA,DSWx,5000,0.15,378,True,57,50,0.877192982456,0.122807017544,0.78125,descending score then ascending unit coordinates
N2024_191762_IOWA,DSWx,5000,0.2,378,True,76,71,0.934210526316,0.0657894736842,0.876543209877,descending score then ascending unit coordinates
N2024_191762_IOWA,DSWx,5000,0.25,378,True,95,89,0.936842105263,0.0631578947368,0.881188118812,descending score then ascending unit coordinates
N2024_191762_IOWA,DSWx,5000,0.3,378,True,114,105,0.921052631579,0.0789473684211,0.853658536585,descending score then ascending unit coordinates
N2024_191762_IOWA,DSWx,5000,0.35,378,True,133,119,0.894736842105,0.105263157895,0.809523809524,descending score then ascending unit coordinates
N2024_191762_IOWA,DSWx,5000,0.4,378,True,152,139,0.914473684211,0.0855263157895,0.842424242424,descending score then ascending unit coordinates
N2024_191762_IOWA,DSWx,5000,0.45,378,True,171,154,0.900584795322,0.0994152046784,0.81914893617,descending score then ascending unit coordinates
N2024_191762_IOWA,DSWx,5000,0.5,378,True,189,175,0.925925925926,0.0740740740741,0.862068965517,descending score then ascending unit coordinates
N2024_191762_IOWA,MNDWI,5000,0.05,298,True,15,10,0.666666666667,0.333333333333,0.5,descending score then ascending unit coordinates
N2024_191762_IOWA,MNDWI,5000,0.1,298,True,30,21,0.7,0.3,0.538461538462,descending score then ascending unit coordinates
N2024_191762_IOWA,MNDWI,5000,0.15,298,True,45,33,0.733333333333,0.266666666667,0.578947368421,descending score then ascending unit coordinates
N2024_191762_IOWA,MNDWI,5000,0.2,298,True,60,51,0.85,0.15,0.739130434783,descending score then ascending unit coordinates
N2024_191762_IOWA,MNDWI,5000,0.25,298,True,75,61,0.813333333333,0.186666666667,0.685393258427,descending score then ascending unit coordinates
N2024_191762_IOWA,MNDWI,5000,0.3,298,True,90,70,0.777777777778,0.222222222222,0.636363636364,descending score then ascending unit coordinates
N2024_191762_IOWA,MNDWI,5000,0.35,298,True,105,88,0.838095238095,0.161904761905,0.72131147541,descending score then ascending unit coordinates
N2024_191762_IOWA,MNDWI,5000,0.4,298,True,120,101,0.841666666667,0.158333333333,0.726618705036,descending score then ascending unit coordinates
N2024_191762_IOWA,MNDWI,5000,0.45,298,True,135,113,0.837037037037,0.162962962963,0.71974522293,descending score then ascending unit coordinates
N2024_191762_IOWA,MNDWI,5000,0.5,298,True,149,126,0.845637583893,0.154362416107,0.732558139535,descending score then ascending unit coordinates
N2024_191762_IOWA,AWEI,5000,0.05,272,True,14,9,0.642857142857,0.357142857143,0.473684210526,descending score then ascending unit coordinates
N2024_191762_IOWA,AWEI,5000,0.1,272,True,28,12,0.428571428571,0.571428571429,0.272727272727,descending score then ascending unit coordinates
N2024_191762_IOWA,AWEI,5000,0.15,272,True,41,19,0.463414634146,0.536585365854,0.301587301587,descending score then ascending unit coordinates
N2024_191762_IOWA,AWEI,5000,0.2,272,True,55,28,0.509090909091,0.490909090909,0.341463414634,descending score then ascending unit coordinates
N2024_191762_IOWA,AWEI,5000,0.25,272,True,68,38,0.558823529412,0.441176470588,0.387755102041,descending score then ascending unit coordinates
N2024_191762_IOWA,AWEI,5000,0.3,272,True,82,47,0.573170731707,0.426829268293,0.401709401709,descending score then ascending unit coordinates
N2024_191762_IOWA,AWEI,5000,0.35,272,True,96,61,0.635416666667,0.364583333333,0.465648854962,descending score then ascending unit coordinates
N2024_191762_IOWA,AWEI,5000,0.4,272,True,109,67,0.614678899083,0.385321100917,0.443708609272,descending score then ascending unit coordinates
N2024_191762_IOWA,AWEI,5000,0.45,272,True,123,80,0.650406504065,0.349593495935,0.481927710843,descending score then ascending unit coordinates
N2024_191762_IOWA,AWEI,5000,0.5,272,True,136,90,0.661764705882,0.338235294118,0.494505494505,descending score then ascending unit coordinates
N2024_191762_IOWA,DSWx,10000,0.05,126,True,7,6,0.857142857143,0.142857142857,0.75,descending score then ascending unit coordinates
N2024_191762_IOWA,DSWx,10000,0.1,126,True,13,11,0.846153846154,0.153846153846,0.733333333333,descending score then ascending unit coordinates
N2024_191762_IOWA,DSWx,10000,0.15,126,True,19,17,0.894736842105,0.105263157895,0.809523809524,descending score then ascending unit coordinates
N2024_191762_IOWA,DSWx,10000,0.2,126,True,26,24,0.923076923077,0.0769230769231,0.857142857143,descending score then ascending unit coordinates
N2024_191762_IOWA,DSWx,10000,0.25,126,True,32,30,0.9375,0.0625,0.882352941176,descending score then ascending unit coordinates
N2024_191762_IOWA,DSWx,10000,0.3,126,True,38,35,0.921052631579,0.0789473684211,0.853658536585,descending score then ascending unit coordinates
N2024_191762_IOWA,DSWx,10000,0.35,126,True,45,40,0.888888888889,0.111111111111,0.8,descending score then ascending unit coordinates
N2024_191762_IOWA,DSWx,10000,0.4,126,True,51,44,0.862745098039,0.137254901961,0.758620689655,descending score then ascending unit coordinates
N2024_191762_IOWA,DSWx,10000,0.45,126,True,57,52,0.912280701754,0.0877192982456,0.838709677419,descending score then ascending unit coordinates
N2024_191762_IOWA,DSWx,10000,0.5,126,True,63,59,0.936507936508,0.0634920634921,0.880597014925,descending score then ascending unit coordinates
N2024_191762_IOWA,MNDWI,10000,0.05,112,True,6,3,0.5,0.5,0.333333333333,descending score then ascending unit coordinates
N2024_191762_IOWA,MNDWI,10000,0.1,112,True,12,9,0.75,0.25,0.6,descending score then ascending unit coordinates
N2024_191762_IOWA,MNDWI,10000,0.15,112,True,17,13,0.764705882353,0.235294117647,0.619047619048,descending score then ascending unit coordinates
N2024_191762_IOWA,MNDWI,10000,0.2,112,True,23,17,0.739130434783,0.260869565217,0.586206896552,descending score then ascending unit coordinates
N2024_191762_IOWA,MNDWI,10000,0.25,112,True,28,21,0.75,0.25,0.6,descending score then ascending unit coordinates
N2024_191762_IOWA,MNDWI,10000,0.3,112,True,34,28,0.823529411765,0.176470588235,0.7,descending score then ascending unit coordinates
N2024_191762_IOWA,MNDWI,10000,0.35,112,True,40,34,0.85,0.15,0.739130434783,descending score then ascending unit coordinates
N2024_191762_IOWA,MNDWI,10000,0.4,112,True,45,38,0.844444444444,0.155555555556,0.730769230769,descending score then ascending unit coordinates
N2024_191762_IOWA,MNDWI,10000,0.45,112,True,51,46,0.901960784314,0.0980392156863,0.821428571429,descending score then ascending unit coordinates
N2024_191762_IOWA,MNDWI,10000,0.5,112,True,56,50,0.892857142857,0.107142857143,0.806451612903,descending score then ascending unit coordinates
N2024_191762_IOWA,AWEI,10000,0.05,108,True,6,4,0.666666666667,0.333333333333,0.5,descending score then ascending unit coordinates
N2024_191762_IOWA,AWEI,10000,0.1,108,True,11,7,0.636363636364,0.363636363636,0.466666666667,descending score then ascending unit coordinates
N2024_191762_IOWA,AWEI,10000,0.15,108,True,17,9,0.529411764706,0.470588235294,0.36,descending score then ascending unit coordinates
N2024_191762_IOWA,AWEI,10000,0.2,108,True,22,11,0.5,0.5,0.333333333333,descending score then ascending unit coordinates
N2024_191762_IOWA,AWEI,10000,0.25,108,True,27,15,0.555555555556,0.444444444444,0.384615384615,descending score then ascending unit coordinates
N2024_191762_IOWA,AWEI,10000,0.3,108,True,33,19,0.575757575758,0.424242424242,0.404255319149,descending score then ascending unit coordinates
N2024_191762_IOWA,AWEI,10000,0.35,108,True,38,21,0.552631578947,0.447368421053,0.381818181818,descending score then ascending unit coordinates
N2024_191762_IOWA,AWEI,10000,0.4,108,True,44,27,0.613636363636,0.386363636364,0.44262295082,descending score then ascending unit coordinates
N2024_191762_IOWA,AWEI,10000,0.45,108,True,49,32,0.65306122449,0.34693877551,0.484848484848,descending score then ascending unit coordinates
N2024_191762_IOWA,AWEI,10000,0.5,108,True,54,38,0.703703703704,0.296296296296,0.542857142857,descending score then ascending unit coordinates
N2024_191762_IOWA,DSWx,20000,0.05,44,True,3,3,1,0,1,descending score then ascending unit coordinates
N2024_191762_IOWA,DSWx,20000,0.1,44,True,5,5,1,0,1,descending score then ascending unit coordinates
N2024_191762_IOWA,DSWx,20000,0.15,44,True,7,7,1,0,1,descending score then ascending unit coordinates
N2024_191762_IOWA,DSWx,20000,0.2,44,True,9,9,1,0,1,descending score then ascending unit coordinates
N2024_191762_IOWA,DSWx,20000,0.25,44,True,11,11,1,0,1,descending score then ascending unit coordinates
N2024_191762_IOWA,DSWx,20000,0.3,44,True,14,12,0.857142857143,0.142857142857,0.75,descending score then ascending unit coordinates
N2024_191762_IOWA,DSWx,20000,0.35,44,True,16,15,0.9375,0.0625,0.882352941176,descending score then ascending unit coordinates
N2024_191762_IOWA,DSWx,20000,0.4,44,True,18,16,0.888888888889,0.111111111111,0.8,descending score then ascending unit coordinates
N2024_191762_IOWA,DSWx,20000,0.45,44,True,20,17,0.85,0.15,0.739130434783,descending score then ascending unit coordinates
N2024_191762_IOWA,DSWx,20000,0.5,44,True,22,19,0.863636363636,0.136363636364,0.76,descending score then ascending unit coordinates
N2024_191762_IOWA,MNDWI,20000,0.05,38,True,2,1,0.5,0.5,0.333333333333,descending score then ascending unit coordinates
N2024_191762_IOWA,MNDWI,20000,0.1,38,True,4,3,0.75,0.25,0.6,descending score then ascending unit coordinates
N2024_191762_IOWA,MNDWI,20000,0.15,38,True,6,5,0.833333333333,0.166666666667,0.714285714286,descending score then ascending unit coordinates
N2024_191762_IOWA,MNDWI,20000,0.2,38,True,8,6,0.75,0.25,0.6,descending score then ascending unit coordinates
N2024_191762_IOWA,MNDWI,20000,0.25,38,True,10,7,0.7,0.3,0.538461538462,descending score then ascending unit coordinates
N2024_191762_IOWA,MNDWI,20000,0.3,38,True,12,9,0.75,0.25,0.6,descending score then ascending unit coordinates
N2024_191762_IOWA,MNDWI,20000,0.35,38,True,14,12,0.857142857143,0.142857142857,0.75,descending score then ascending unit coordinates
N2024_191762_IOWA,MNDWI,20000,0.4,38,True,16,14,0.875,0.125,0.777777777778,descending score then ascending unit coordinates
N2024_191762_IOWA,MNDWI,20000,0.45,38,True,18,16,0.888888888889,0.111111111111,0.8,descending score then ascending unit coordinates
N2024_191762_IOWA,MNDWI,20000,0.5,38,True,19,16,0.842105263158,0.157894736842,0.727272727273,descending score then ascending unit coordinates
N2024_191762_IOWA,AWEI,20000,0.05,36,True,2,1,0.5,0.5,0.333333333333,descending score then ascending unit coordinates
N2024_191762_IOWA,AWEI,20000,0.1,36,True,4,2,0.5,0.5,0.333333333333,descending score then ascending unit coordinates
N2024_191762_IOWA,AWEI,20000,0.15,36,True,6,3,0.5,0.5,0.333333333333,descending score then ascending unit coordinates
N2024_191762_IOWA,AWEI,20000,0.2,36,True,8,4,0.5,0.5,0.333333333333,descending score then ascending unit coordinates
N2024_191762_IOWA,AWEI,20000,0.25,36,True,9,5,0.555555555556,0.444444444444,0.384615384615,descending score then ascending unit coordinates
N2024_191762_IOWA,AWEI,20000,0.3,36,True,11,5,0.454545454545,0.545454545455,0.294117647059,descending score then ascending unit coordinates
N2024_191762_IOWA,AWEI,20000,0.35,36,True,13,7,0.538461538462,0.461538461538,0.368421052632,descending score then ascending unit coordinates
N2024_191762_IOWA,AWEI,20000,0.4,36,True,15,9,0.6,0.4,0.428571428571,descending score then ascending unit coordinates
N2024_191762_IOWA,AWEI,20000,0.45,36,True,17,11,0.647058823529,0.352941176471,0.478260869565,descending score then ascending unit coordinates
N2024_191762_IOWA,AWEI,20000,0.5,36,True,18,12,0.666666666667,0.333333333333,0.5,descending score then ascending unit coordinates
N2024_191762_IOWA,DSWx,30000,0.05,25,True,2,2,1,0,1,descending score then ascending unit coordinates
N2024_191762_IOWA,DSWx,30000,0.1,25,True,3,3,1,0,1,descending score then ascending unit coordinates
N2024_191762_IOWA,DSWx,30000,0.15,25,True,4,3,0.75,0.25,0.6,descending score then ascending unit coordinates
N2024_191762_IOWA,DSWx,30000,0.2,25,True,5,5,1,0,1,descending score then ascending unit coordinates
N2024_191762_IOWA,DSWx,30000,0.25,25,True,7,7,1,0,1,descending score then ascending unit coordinates
N2024_191762_IOWA,DSWx,30000,0.3,25,True,8,8,1,0,1,descending score then ascending unit coordinates
N2024_191762_IOWA,DSWx,30000,0.35,25,True,9,9,1,0,1,descending score then ascending unit coordinates
N2024_191762_IOWA,DSWx,30000,0.4,25,True,10,9,0.9,0.1,0.818181818182,descending score then ascending unit coordinates
N2024_191762_IOWA,DSWx,30000,0.45,25,True,12,12,1,0,1,descending score then ascending unit coordinates
N2024_191762_IOWA,DSWx,30000,0.5,25,True,13,12,0.923076923077,0.0769230769231,0.857142857143,descending score then ascending unit coordinates
N2024_191762_IOWA,MNDWI,30000,0.05,24,True,2,1,0.5,0.5,0.333333333333,descending score then ascending unit coordinates
N2024_191762_IOWA,MNDWI,30000,0.1,24,True,3,3,1,0,1,descending score then ascending unit coordinates
N2024_191762_IOWA,MNDWI,30000,0.15,24,True,4,3,0.75,0.25,0.6,descending score then ascending unit coordinates
N2024_191762_IOWA,MNDWI,30000,0.2,24,True,5,3,0.6,0.4,0.428571428571,descending score then ascending unit coordinates
N2024_191762_IOWA,MNDWI,30000,0.25,24,True,6,4,0.666666666667,0.333333333333,0.5,descending score then ascending unit coordinates
N2024_191762_IOWA,MNDWI,30000,0.3,24,True,8,5,0.625,0.375,0.454545454545,descending score then ascending unit coordinates
N2024_191762_IOWA,MNDWI,30000,0.35,24,True,9,7,0.777777777778,0.222222222222,0.636363636364,descending score then ascending unit coordinates
N2024_191762_IOWA,MNDWI,30000,0.4,24,True,10,8,0.8,0.2,0.666666666667,descending score then ascending unit coordinates
N2024_191762_IOWA,MNDWI,30000,0.45,24,True,11,9,0.818181818182,0.181818181818,0.692307692308,descending score then ascending unit coordinates
N2024_191762_IOWA,MNDWI,30000,0.5,24,True,12,10,0.833333333333,0.166666666667,0.714285714286,descending score then ascending unit coordinates
N2024_191762_IOWA,AWEI,30000,0.05,22,True,2,0,0,1,0,descending score then ascending unit coordinates
N2024_191762_IOWA,AWEI,30000,0.1,22,True,3,2,0.666666666667,0.333333333333,0.5,descending score then ascending unit coordinates
N2024_191762_IOWA,AWEI,30000,0.15,22,True,4,3,0.75,0.25,0.6,descending score then ascending unit coordinates
N2024_191762_IOWA,AWEI,30000,0.2,22,True,5,4,0.8,0.2,0.666666666667,descending score then ascending unit coordinates
N2024_191762_IOWA,AWEI,30000,0.25,22,True,6,4,0.666666666667,0.333333333333,0.5,descending score then ascending unit coordinates
N2024_191762_IOWA,AWEI,30000,0.3,22,True,7,4,0.571428571429,0.428571428571,0.4,descending score then ascending unit coordinates
N2024_191762_IOWA,AWEI,30000,0.35,22,True,8,6,0.75,0.25,0.6,descending score then ascending unit coordinates
N2024_191762_IOWA,AWEI,30000,0.4,22,True,9,7,0.777777777778,0.222222222222,0.636363636364,descending score then ascending unit coordinates
N2024_191762_IOWA,AWEI,30000,0.45,22,True,10,8,0.8,0.2,0.666666666667,descending score then ascending unit coordinates
N2024_191762_IOWA,AWEI,30000,0.5,22,True,11,9,0.818181818182,0.181818181818,0.692307692308,descending score then ascending unit coordinates
N2025_202615_MISSOURI,DSWx,500,0.05,33,True,2,0,0,1,0,descending score then ascending unit coordinates
N2025_202615_MISSOURI,DSWx,500,0.1,33,True,4,2,0.5,0.5,0.333333333333,descending score then ascending unit coordinates
N2025_202615_MISSOURI,DSWx,500,0.15,33,True,5,2,0.4,0.6,0.25,descending score then ascending unit coordinates
N2025_202615_MISSOURI,DSWx,500,0.2,33,True,7,2,0.285714285714,0.714285714286,0.166666666667,descending score then ascending unit coordinates
N2025_202615_MISSOURI,DSWx,500,0.25,33,True,9,3,0.333333333333,0.666666666667,0.2,descending score then ascending unit coordinates
N2025_202615_MISSOURI,DSWx,500,0.3,33,True,10,3,0.3,0.7,0.176470588235,descending score then ascending unit coordinates
N2025_202615_MISSOURI,DSWx,500,0.35,33,True,12,5,0.416666666667,0.583333333333,0.263157894737,descending score then ascending unit coordinates
N2025_202615_MISSOURI,DSWx,500,0.4,33,True,14,5,0.357142857143,0.642857142857,0.217391304348,descending score then ascending unit coordinates
N2025_202615_MISSOURI,DSWx,500,0.45,33,True,15,5,0.333333333333,0.666666666667,0.2,descending score then ascending unit coordinates
N2025_202615_MISSOURI,DSWx,500,0.5,33,True,17,6,0.352941176471,0.647058823529,0.214285714286,descending score then ascending unit coordinates
N2025_202615_MISSOURI,MNDWI,500,0.05,4,False,1,1,1,0,1,descending score then ascending unit coordinates
N2025_202615_MISSOURI,MNDWI,500,0.1,4,False,1,1,1,0,1,descending score then ascending unit coordinates
N2025_202615_MISSOURI,MNDWI,500,0.15,4,False,1,1,1,0,1,descending score then ascending unit coordinates
N2025_202615_MISSOURI,MNDWI,500,0.2,4,False,1,1,1,0,1,descending score then ascending unit coordinates
N2025_202615_MISSOURI,MNDWI,500,0.25,4,False,1,1,1,0,1,descending score then ascending unit coordinates
N2025_202615_MISSOURI,MNDWI,500,0.3,4,False,2,1,0.5,0.5,0.333333333333,descending score then ascending unit coordinates
N2025_202615_MISSOURI,MNDWI,500,0.35,4,False,2,1,0.5,0.5,0.333333333333,descending score then ascending unit coordinates
N2025_202615_MISSOURI,MNDWI,500,0.4,4,False,2,1,0.5,0.5,0.333333333333,descending score then ascending unit coordinates
N2025_202615_MISSOURI,MNDWI,500,0.45,4,False,2,1,0.5,0.5,0.333333333333,descending score then ascending unit coordinates
N2025_202615_MISSOURI,MNDWI,500,0.5,4,False,2,1,0.5,0.5,0.333333333333,descending score then ascending unit coordinates
N2025_202615_MISSOURI,AWEI,500,0.05,2,False,1,1,1,0,1,descending score then ascending unit coordinates
N2025_202615_MISSOURI,AWEI,500,0.1,2,False,1,1,1,0,1,descending score then ascending unit coordinates
N2025_202615_MISSOURI,AWEI,500,0.15,2,False,1,1,1,0,1,descending score then ascending unit coordinates
N2025_202615_MISSOURI,AWEI,500,0.2,2,False,1,1,1,0,1,descending score then ascending unit coordinates
N2025_202615_MISSOURI,AWEI,500,0.25,2,False,1,1,1,0,1,descending score then ascending unit coordinates
N2025_202615_MISSOURI,AWEI,500,0.3,2,False,1,1,1,0,1,descending score then ascending unit coordinates
N2025_202615_MISSOURI,AWEI,500,0.35,2,False,1,1,1,0,1,descending score then ascending unit coordinates
N2025_202615_MISSOURI,AWEI,500,0.4,2,False,1,1,1,0,1,descending score then ascending unit coordinates
N2025_202615_MISSOURI,AWEI,500,0.45,2,False,1,1,1,0,1,descending score then ascending unit coordinates
N2025_202615_MISSOURI,AWEI,500,0.5,2,False,1,1,1,0,1,descending score then ascending unit coordinates
N2025_202615_MISSOURI,DSWx,1000,0.05,30,True,2,0,0,1,0,descending score then ascending unit coordinates
N2025_202615_MISSOURI,DSWx,1000,0.1,30,True,3,1,0.333333333333,0.666666666667,0.2,descending score then ascending unit coordinates
N2025_202615_MISSOURI,DSWx,1000,0.15,30,True,5,1,0.2,0.8,0.111111111111,descending score then ascending unit coordinates
N2025_202615_MISSOURI,DSWx,1000,0.2,30,True,6,1,0.166666666667,0.833333333333,0.0909090909091,descending score then ascending unit coordinates
N2025_202615_MISSOURI,DSWx,1000,0.25,30,True,8,2,0.25,0.75,0.142857142857,descending score then ascending unit coordinates
N2025_202615_MISSOURI,DSWx,1000,0.3,30,True,9,2,0.222222222222,0.777777777778,0.125,descending score then ascending unit coordinates
N2025_202615_MISSOURI,DSWx,1000,0.35,30,True,11,3,0.272727272727,0.727272727273,0.157894736842,descending score then ascending unit coordinates
N2025_202615_MISSOURI,DSWx,1000,0.4,30,True,12,3,0.25,0.75,0.142857142857,descending score then ascending unit coordinates
N2025_202615_MISSOURI,DSWx,1000,0.45,30,True,14,5,0.357142857143,0.642857142857,0.217391304348,descending score then ascending unit coordinates
N2025_202615_MISSOURI,DSWx,1000,0.5,30,True,15,6,0.4,0.6,0.25,descending score then ascending unit coordinates
N2025_202615_MISSOURI,MNDWI,1000,0.05,4,False,1,1,1,0,1,descending score then ascending unit coordinates
N2025_202615_MISSOURI,MNDWI,1000,0.1,4,False,1,1,1,0,1,descending score then ascending unit coordinates
N2025_202615_MISSOURI,MNDWI,1000,0.15,4,False,1,1,1,0,1,descending score then ascending unit coordinates
N2025_202615_MISSOURI,MNDWI,1000,0.2,4,False,1,1,1,0,1,descending score then ascending unit coordinates
N2025_202615_MISSOURI,MNDWI,1000,0.25,4,False,1,1,1,0,1,descending score then ascending unit coordinates
N2025_202615_MISSOURI,MNDWI,1000,0.3,4,False,2,1,0.5,0.5,0.333333333333,descending score then ascending unit coordinates
N2025_202615_MISSOURI,MNDWI,1000,0.35,4,False,2,1,0.5,0.5,0.333333333333,descending score then ascending unit coordinates
N2025_202615_MISSOURI,MNDWI,1000,0.4,4,False,2,1,0.5,0.5,0.333333333333,descending score then ascending unit coordinates
N2025_202615_MISSOURI,MNDWI,1000,0.45,4,False,2,1,0.5,0.5,0.333333333333,descending score then ascending unit coordinates
N2025_202615_MISSOURI,MNDWI,1000,0.5,4,False,2,1,0.5,0.5,0.333333333333,descending score then ascending unit coordinates
N2025_202615_MISSOURI,AWEI,1000,0.05,2,False,1,1,1,0,1,descending score then ascending unit coordinates
N2025_202615_MISSOURI,AWEI,1000,0.1,2,False,1,1,1,0,1,descending score then ascending unit coordinates
N2025_202615_MISSOURI,AWEI,1000,0.15,2,False,1,1,1,0,1,descending score then ascending unit coordinates
N2025_202615_MISSOURI,AWEI,1000,0.2,2,False,1,1,1,0,1,descending score then ascending unit coordinates
N2025_202615_MISSOURI,AWEI,1000,0.25,2,False,1,1,1,0,1,descending score then ascending unit coordinates
N2025_202615_MISSOURI,AWEI,1000,0.3,2,False,1,1,1,0,1,descending score then ascending unit coordinates
N2025_202615_MISSOURI,AWEI,1000,0.35,2,False,1,1,1,0,1,descending score then ascending unit coordinates
N2025_202615_MISSOURI,AWEI,1000,0.4,2,False,1,1,1,0,1,descending score then ascending unit coordinates
N2025_202615_MISSOURI,AWEI,1000,0.45,2,False,1,1,1,0,1,descending score then ascending unit coordinates
N2025_202615_MISSOURI,AWEI,1000,0.5,2,False,1,1,1,0,1,descending score then ascending unit coordinates
N2025_202615_MISSOURI,DSWx,2000,0.05,29,True,2,0,0,1,0,descending score then ascending unit coordinates
N2025_202615_MISSOURI,DSWx,2000,0.1,29,True,3,1,0.333333333333,0.666666666667,0.2,descending score then ascending unit coordinates
N2025_202615_MISSOURI,DSWx,2000,0.15,29,True,5,1,0.2,0.8,0.111111111111,descending score then ascending unit coordinates
N2025_202615_MISSOURI,DSWx,2000,0.2,29,True,6,1,0.166666666667,0.833333333333,0.0909090909091,descending score then ascending unit coordinates
N2025_202615_MISSOURI,DSWx,2000,0.25,29,True,8,2,0.25,0.75,0.142857142857,descending score then ascending unit coordinates
N2025_202615_MISSOURI,DSWx,2000,0.3,29,True,9,3,0.333333333333,0.666666666667,0.2,descending score then ascending unit coordinates
N2025_202615_MISSOURI,DSWx,2000,0.35,29,True,11,3,0.272727272727,0.727272727273,0.157894736842,descending score then ascending unit coordinates
N2025_202615_MISSOURI,DSWx,2000,0.4,29,True,12,3,0.25,0.75,0.142857142857,descending score then ascending unit coordinates
N2025_202615_MISSOURI,DSWx,2000,0.45,29,True,14,5,0.357142857143,0.642857142857,0.217391304348,descending score then ascending unit coordinates
N2025_202615_MISSOURI,DSWx,2000,0.5,29,True,15,6,0.4,0.6,0.25,descending score then ascending unit coordinates
N2025_202615_MISSOURI,MNDWI,2000,0.05,4,False,1,1,1,0,1,descending score then ascending unit coordinates
N2025_202615_MISSOURI,MNDWI,2000,0.1,4,False,1,1,1,0,1,descending score then ascending unit coordinates
N2025_202615_MISSOURI,MNDWI,2000,0.15,4,False,1,1,1,0,1,descending score then ascending unit coordinates
N2025_202615_MISSOURI,MNDWI,2000,0.2,4,False,1,1,1,0,1,descending score then ascending unit coordinates
N2025_202615_MISSOURI,MNDWI,2000,0.25,4,False,1,1,1,0,1,descending score then ascending unit coordinates
N2025_202615_MISSOURI,MNDWI,2000,0.3,4,False,2,1,0.5,0.5,0.333333333333,descending score then ascending unit coordinates
N2025_202615_MISSOURI,MNDWI,2000,0.35,4,False,2,1,0.5,0.5,0.333333333333,descending score then ascending unit coordinates
N2025_202615_MISSOURI,MNDWI,2000,0.4,4,False,2,1,0.5,0.5,0.333333333333,descending score then ascending unit coordinates
N2025_202615_MISSOURI,MNDWI,2000,0.45,4,False,2,1,0.5,0.5,0.333333333333,descending score then ascending unit coordinates
N2025_202615_MISSOURI,MNDWI,2000,0.5,4,False,2,1,0.5,0.5,0.333333333333,descending score then ascending unit coordinates
N2025_202615_MISSOURI,AWEI,2000,0.05,2,False,1,1,1,0,1,descending score then ascending unit coordinates
N2025_202615_MISSOURI,AWEI,2000,0.1,2,False,1,1,1,0,1,descending score then ascending unit coordinates
N2025_202615_MISSOURI,AWEI,2000,0.15,2,False,1,1,1,0,1,descending score then ascending unit coordinates
N2025_202615_MISSOURI,AWEI,2000,0.2,2,False,1,1,1,0,1,descending score then ascending unit coordinates
N2025_202615_MISSOURI,AWEI,2000,0.25,2,False,1,1,1,0,1,descending score then ascending unit coordinates
N2025_202615_MISSOURI,AWEI,2000,0.3,2,False,1,1,1,0,1,descending score then ascending unit coordinates
N2025_202615_MISSOURI,AWEI,2000,0.35,2,False,1,1,1,0,1,descending score then ascending unit coordinates
N2025_202615_MISSOURI,AWEI,2000,0.4,2,False,1,1,1,0,1,descending score then ascending unit coordinates
N2025_202615_MISSOURI,AWEI,2000,0.45,2,False,1,1,1,0,1,descending score then ascending unit coordinates
N2025_202615_MISSOURI,AWEI,2000,0.5,2,False,1,1,1,0,1,descending score then ascending unit coordinates
N2025_202615_MISSOURI,DSWx,5000,0.05,22,True,2,0,0,1,0,descending score then ascending unit coordinates
N2025_202615_MISSOURI,DSWx,5000,0.1,22,True,3,1,0.333333333333,0.666666666667,0.2,descending score then ascending unit coordinates
N2025_202615_MISSOURI,DSWx,5000,0.15,22,True,4,1,0.25,0.75,0.142857142857,descending score then ascending unit coordinates
N2025_202615_MISSOURI,DSWx,5000,0.2,22,True,5,1,0.2,0.8,0.111111111111,descending score then ascending unit coordinates
N2025_202615_MISSOURI,DSWx,5000,0.25,22,True,6,1,0.166666666667,0.833333333333,0.0909090909091,descending score then ascending unit coordinates
N2025_202615_MISSOURI,DSWx,5000,0.3,22,True,7,2,0.285714285714,0.714285714286,0.166666666667,descending score then ascending unit coordinates
N2025_202615_MISSOURI,DSWx,5000,0.35,22,True,8,2,0.25,0.75,0.142857142857,descending score then ascending unit coordinates
N2025_202615_MISSOURI,DSWx,5000,0.4,22,True,9,2,0.222222222222,0.777777777778,0.125,descending score then ascending unit coordinates
N2025_202615_MISSOURI,DSWx,5000,0.45,22,True,10,3,0.3,0.7,0.176470588235,descending score then ascending unit coordinates
N2025_202615_MISSOURI,DSWx,5000,0.5,22,True,11,3,0.272727272727,0.727272727273,0.157894736842,descending score then ascending unit coordinates
N2025_202615_MISSOURI,MNDWI,5000,0.05,3,False,1,1,1,0,1,descending score then ascending unit coordinates
N2025_202615_MISSOURI,MNDWI,5000,0.1,3,False,1,1,1,0,1,descending score then ascending unit coordinates
N2025_202615_MISSOURI,MNDWI,5000,0.15,3,False,1,1,1,0,1,descending score then ascending unit coordinates
N2025_202615_MISSOURI,MNDWI,5000,0.2,3,False,1,1,1,0,1,descending score then ascending unit coordinates
N2025_202615_MISSOURI,MNDWI,5000,0.25,3,False,1,1,1,0,1,descending score then ascending unit coordinates
N2025_202615_MISSOURI,MNDWI,5000,0.3,3,False,1,1,1,0,1,descending score then ascending unit coordinates
N2025_202615_MISSOURI,MNDWI,5000,0.35,3,False,2,1,0.5,0.5,0.333333333333,descending score then ascending unit coordinates
N2025_202615_MISSOURI,MNDWI,5000,0.4,3,False,2,1,0.5,0.5,0.333333333333,descending score then ascending unit coordinates
N2025_202615_MISSOURI,MNDWI,5000,0.45,3,False,2,1,0.5,0.5,0.333333333333,descending score then ascending unit coordinates
N2025_202615_MISSOURI,MNDWI,5000,0.5,3,False,2,1,0.5,0.5,0.333333333333,descending score then ascending unit coordinates
N2025_202615_MISSOURI,AWEI,5000,0.05,1,False,1,1,1,0,1,descending score then ascending unit coordinates
N2025_202615_MISSOURI,AWEI,5000,0.1,1,False,1,1,1,0,1,descending score then ascending unit coordinates
N2025_202615_MISSOURI,AWEI,5000,0.15,1,False,1,1,1,0,1,descending score then ascending unit coordinates
N2025_202615_MISSOURI,AWEI,5000,0.2,1,False,1,1,1,0,1,descending score then ascending unit coordinates
N2025_202615_MISSOURI,AWEI,5000,0.25,1,False,1,1,1,0,1,descending score then ascending unit coordinates
N2025_202615_MISSOURI,AWEI,5000,0.3,1,False,1,1,1,0,1,descending score then ascending unit coordinates
N2025_202615_MISSOURI,AWEI,5000,0.35,1,False,1,1,1,0,1,descending score then ascending unit coordinates
N2025_202615_MISSOURI,AWEI,5000,0.4,1,False,1,1,1,0,1,descending score then ascending unit coordinates
N2025_202615_MISSOURI,AWEI,5000,0.45,1,False,1,1,1,0,1,descending score then ascending unit coordinates
N2025_202615_MISSOURI,AWEI,5000,0.5,1,False,1,1,1,0,1,descending score then ascending unit coordinates
N2025_202615_MISSOURI,DSWx,10000,0.05,18,True,1,0,0,1,0,descending score then ascending unit coordinates
N2025_202615_MISSOURI,DSWx,10000,0.1,18,True,2,0,0,1,0,descending score then ascending unit coordinates
N2025_202615_MISSOURI,DSWx,10000,0.15,18,True,3,1,0.333333333333,0.666666666667,0.2,descending score then ascending unit coordinates
N2025_202615_MISSOURI,DSWx,10000,0.2,18,True,4,2,0.5,0.5,0.333333333333,descending score then ascending unit coordinates
N2025_202615_MISSOURI,DSWx,10000,0.25,18,True,5,3,0.6,0.4,0.428571428571,descending score then ascending unit coordinates
N2025_202615_MISSOURI,DSWx,10000,0.3,18,True,6,3,0.5,0.5,0.333333333333,descending score then ascending unit coordinates
N2025_202615_MISSOURI,DSWx,10000,0.35,18,True,7,4,0.571428571429,0.428571428571,0.4,descending score then ascending unit coordinates
N2025_202615_MISSOURI,DSWx,10000,0.4,18,True,8,4,0.5,0.5,0.333333333333,descending score then ascending unit coordinates
N2025_202615_MISSOURI,DSWx,10000,0.45,18,True,9,5,0.555555555556,0.444444444444,0.384615384615,descending score then ascending unit coordinates
N2025_202615_MISSOURI,DSWx,10000,0.5,18,True,9,5,0.555555555556,0.444444444444,0.384615384615,descending score then ascending unit coordinates
N2025_202615_MISSOURI,MNDWI,10000,0.05,3,False,1,0,0,1,0,descending score then ascending unit coordinates
N2025_202615_MISSOURI,MNDWI,10000,0.1,3,False,1,0,0,1,0,descending score then ascending unit coordinates
N2025_202615_MISSOURI,MNDWI,10000,0.15,3,False,1,0,0,1,0,descending score then ascending unit coordinates
N2025_202615_MISSOURI,MNDWI,10000,0.2,3,False,1,0,0,1,0,descending score then ascending unit coordinates
N2025_202615_MISSOURI,MNDWI,10000,0.25,3,False,1,0,0,1,0,descending score then ascending unit coordinates
N2025_202615_MISSOURI,MNDWI,10000,0.3,3,False,1,0,0,1,0,descending score then ascending unit coordinates
N2025_202615_MISSOURI,MNDWI,10000,0.35,3,False,2,1,0.5,0.5,0.333333333333,descending score then ascending unit coordinates
N2025_202615_MISSOURI,MNDWI,10000,0.4,3,False,2,1,0.5,0.5,0.333333333333,descending score then ascending unit coordinates
N2025_202615_MISSOURI,MNDWI,10000,0.45,3,False,2,1,0.5,0.5,0.333333333333,descending score then ascending unit coordinates
N2025_202615_MISSOURI,MNDWI,10000,0.5,3,False,2,1,0.5,0.5,0.333333333333,descending score then ascending unit coordinates
N2025_202615_MISSOURI,AWEI,10000,0.05,1,False,1,1,1,0,1,descending score then ascending unit coordinates
N2025_202615_MISSOURI,AWEI,10000,0.1,1,False,1,1,1,0,1,descending score then ascending unit coordinates
N2025_202615_MISSOURI,AWEI,10000,0.15,1,False,1,1,1,0,1,descending score then ascending unit coordinates
N2025_202615_MISSOURI,AWEI,10000,0.2,1,False,1,1,1,0,1,descending score then ascending unit coordinates
N2025_202615_MISSOURI,AWEI,10000,0.25,1,False,1,1,1,0,1,descending score then ascending unit coordinates
N2025_202615_MISSOURI,AWEI,10000,0.3,1,False,1,1,1,0,1,descending score then ascending unit coordinates
N2025_202615_MISSOURI,AWEI,10000,0.35,1,False,1,1,1,0,1,descending score then ascending unit coordinates
N2025_202615_MISSOURI,AWEI,10000,0.4,1,False,1,1,1,0,1,descending score then ascending unit coordinates
N2025_202615_MISSOURI,AWEI,10000,0.45,1,False,1,1,1,0,1,descending score then ascending unit coordinates
N2025_202615_MISSOURI,AWEI,10000,0.5,1,False,1,1,1,0,1,descending score then ascending unit coordinates
N2025_202615_MISSOURI,DSWx,20000,0.05,13,True,1,0,0,1,0,descending score then ascending unit coordinates
N2025_202615_MISSOURI,DSWx,20000,0.1,13,True,2,0,0,1,0,descending score then ascending unit coordinates
N2025_202615_MISSOURI,DSWx,20000,0.15,13,True,2,0,0,1,0,descending score then ascending unit coordinates
N2025_202615_MISSOURI,DSWx,20000,0.2,13,True,3,1,0.333333333333,0.666666666667,0.2,descending score then ascending unit coordinates
N2025_202615_MISSOURI,DSWx,20000,0.25,13,True,4,2,0.5,0.5,0.333333333333,descending score then ascending unit coordinates
N2025_202615_MISSOURI,DSWx,20000,0.3,13,True,4,2,0.5,0.5,0.333333333333,descending score then ascending unit coordinates
N2025_202615_MISSOURI,DSWx,20000,0.35,13,True,5,3,0.6,0.4,0.428571428571,descending score then ascending unit coordinates
N2025_202615_MISSOURI,DSWx,20000,0.4,13,True,6,4,0.666666666667,0.333333333333,0.5,descending score then ascending unit coordinates
N2025_202615_MISSOURI,DSWx,20000,0.45,13,True,6,4,0.666666666667,0.333333333333,0.5,descending score then ascending unit coordinates
N2025_202615_MISSOURI,DSWx,20000,0.5,13,True,7,4,0.571428571429,0.428571428571,0.4,descending score then ascending unit coordinates
N2025_202615_MISSOURI,MNDWI,20000,0.05,3,False,1,0,0,1,0,descending score then ascending unit coordinates
N2025_202615_MISSOURI,MNDWI,20000,0.1,3,False,1,0,0,1,0,descending score then ascending unit coordinates
N2025_202615_MISSOURI,MNDWI,20000,0.15,3,False,1,0,0,1,0,descending score then ascending unit coordinates
N2025_202615_MISSOURI,MNDWI,20000,0.2,3,False,1,0,0,1,0,descending score then ascending unit coordinates
N2025_202615_MISSOURI,MNDWI,20000,0.25,3,False,1,0,0,1,0,descending score then ascending unit coordinates
N2025_202615_MISSOURI,MNDWI,20000,0.3,3,False,1,0,0,1,0,descending score then ascending unit coordinates
N2025_202615_MISSOURI,MNDWI,20000,0.35,3,False,2,1,0.5,0.5,0.333333333333,descending score then ascending unit coordinates
N2025_202615_MISSOURI,MNDWI,20000,0.4,3,False,2,1,0.5,0.5,0.333333333333,descending score then ascending unit coordinates
N2025_202615_MISSOURI,MNDWI,20000,0.45,3,False,2,1,0.5,0.5,0.333333333333,descending score then ascending unit coordinates
N2025_202615_MISSOURI,MNDWI,20000,0.5,3,False,2,1,0.5,0.5,0.333333333333,descending score then ascending unit coordinates
N2025_202615_MISSOURI,AWEI,20000,0.05,1,False,1,1,1,0,1,descending score then ascending unit coordinates
N2025_202615_MISSOURI,AWEI,20000,0.1,1,False,1,1,1,0,1,descending score then ascending unit coordinates
N2025_202615_MISSOURI,AWEI,20000,0.15,1,False,1,1,1,0,1,descending score then ascending unit coordinates
N2025_202615_MISSOURI,AWEI,20000,0.2,1,False,1,1,1,0,1,descending score then ascending unit coordinates
N2025_202615_MISSOURI,AWEI,20000,0.25,1,False,1,1,1,0,1,descending score then ascending unit coordinates
N2025_202615_MISSOURI,AWEI,20000,0.3,1,False,1,1,1,0,1,descending score then ascending unit coordinates
N2025_202615_MISSOURI,AWEI,20000,0.35,1,False,1,1,1,0,1,descending score then ascending unit coordinates
N2025_202615_MISSOURI,AWEI,20000,0.4,1,False,1,1,1,0,1,descending score then ascending unit coordinates
N2025_202615_MISSOURI,AWEI,20000,0.45,1,False,1,1,1,0,1,descending score then ascending unit coordinates
N2025_202615_MISSOURI,AWEI,20000,0.5,1,False,1,1,1,0,1,descending score then ascending unit coordinates
N2025_202615_MISSOURI,DSWx,30000,0.05,11,True,1,0,0,1,0,descending score then ascending unit coordinates
N2025_202615_MISSOURI,DSWx,30000,0.1,11,True,2,0,0,1,0,descending score then ascending unit coordinates
N2025_202615_MISSOURI,DSWx,30000,0.15,11,True,2,0,0,1,0,descending score then ascending unit coordinates
N2025_202615_MISSOURI,DSWx,30000,0.2,11,True,3,1,0.333333333333,0.666666666667,0.2,descending score then ascending unit coordinates
N2025_202615_MISSOURI,DSWx,30000,0.25,11,True,3,1,0.333333333333,0.666666666667,0.2,descending score then ascending unit coordinates
N2025_202615_MISSOURI,DSWx,30000,0.3,11,True,4,2,0.5,0.5,0.333333333333,descending score then ascending unit coordinates
N2025_202615_MISSOURI,DSWx,30000,0.35,11,True,4,2,0.5,0.5,0.333333333333,descending score then ascending unit coordinates
N2025_202615_MISSOURI,DSWx,30000,0.4,11,True,5,3,0.6,0.4,0.428571428571,descending score then ascending unit coordinates
N2025_202615_MISSOURI,DSWx,30000,0.45,11,True,5,3,0.6,0.4,0.428571428571,descending score then ascending unit coordinates
N2025_202615_MISSOURI,DSWx,30000,0.5,11,True,6,5,0.833333333333,0.166666666667,0.714285714286,descending score then ascending unit coordinates
N2025_202615_MISSOURI,MNDWI,30000,0.05,3,False,1,0,0,1,0,descending score then ascending unit coordinates
N2025_202615_MISSOURI,MNDWI,30000,0.1,3,False,1,0,0,1,0,descending score then ascending unit coordinates
N2025_202615_MISSOURI,MNDWI,30000,0.15,3,False,1,0,0,1,0,descending score then ascending unit coordinates
N2025_202615_MISSOURI,MNDWI,30000,0.2,3,False,1,0,0,1,0,descending score then ascending unit coordinates
N2025_202615_MISSOURI,MNDWI,30000,0.25,3,False,1,0,0,1,0,descending score then ascending unit coordinates
N2025_202615_MISSOURI,MNDWI,30000,0.3,3,False,1,0,0,1,0,descending score then ascending unit coordinates
N2025_202615_MISSOURI,MNDWI,30000,0.35,3,False,2,1,0.5,0.5,0.333333333333,descending score then ascending unit coordinates
N2025_202615_MISSOURI,MNDWI,30000,0.4,3,False,2,1,0.5,0.5,0.333333333333,descending score then ascending unit coordinates
N2025_202615_MISSOURI,MNDWI,30000,0.45,3,False,2,1,0.5,0.5,0.333333333333,descending score then ascending unit coordinates
N2025_202615_MISSOURI,MNDWI,30000,0.5,3,False,2,1,0.5,0.5,0.333333333333,descending score then ascending unit coordinates
N2025_202615_MISSOURI,AWEI,30000,0.05,1,False,1,1,1,0,1,descending score then ascending unit coordinates
N2025_202615_MISSOURI,AWEI,30000,0.1,1,False,1,1,1,0,1,descending score then ascending unit coordinates
N2025_202615_MISSOURI,AWEI,30000,0.15,1,False,1,1,1,0,1,descending score then ascending unit coordinates
N2025_202615_MISSOURI,AWEI,30000,0.2,1,False,1,1,1,0,1,descending score then ascending unit coordinates
N2025_202615_MISSOURI,AWEI,30000,0.25,1,False,1,1,1,0,1,descending score then ascending unit coordinates
N2025_202615_MISSOURI,AWEI,30000,0.3,1,False,1,1,1,0,1,descending score then ascending unit coordinates
N2025_202615_MISSOURI,AWEI,30000,0.35,1,False,1,1,1,0,1,descending score then ascending unit coordinates
N2025_202615_MISSOURI,AWEI,30000,0.4,1,False,1,1,1,0,1,descending score then ascending unit coordinates
N2025_202615_MISSOURI,AWEI,30000,0.45,1,False,1,1,1,0,1,descending score then ascending unit coordinates
N2025_202615_MISSOURI,AWEI,30000,0.5,1,False,1,1,1,0,1,descending score then ascending unit coordinates
